section	theme	term	pos	zh	note	example
EMAIL	开头-称呼	Dear Mr./Ms. + 姓	chunk	尊敬的……先生/女士	正式邮件唯一安全开头。不知姓名用 Dear Sir or Madam。绝不用 Dear + 名字全称	Dear Ms. Carter,
EMAIL	开头-称呼	Dear + 名	chunk	亲爱的……	半正式（同事、熟识客户）。PTE 题干给了名字就用这个	Dear Michael,
EMAIL	开头-称呼	Hi + 名	chunk	嗨，……	非正式（朋友、邻居）。题干是朋友/邻居场景时用，用错 register 扣 appropriacy	Hi Sarah,
EMAIL	开头-称呼	To whom it may concern	chunk	敬启者	完全不知收件人时用。比 Dear Sir or Madam 更保险	To whom it may concern,
EMAIL	开头-目的	I am writing to inform you that	chunk	我写信是想告知您	告知类万能开头。比 I want to tell you 正式得多	I am writing to inform you that our delivery has been delayed.
EMAIL	开头-目的	I am writing to enquire about	chunk	我写信是想咨询关于	询问类开头。美式拼 inquire，两者都接受	I am writing to enquire about the vacancy advertised last week.
EMAIL	开头-目的	I am writing with regard to	chunk	关于……我写信说明	最正式的引出话题方式	I am writing with regard to the invoice dated 3 May.
EMAIL	开头-目的	I am writing to express my concern about	chunk	我写信表达我对……的担忧	投诉类软开头，比 complain 更得体	I am writing to express my concern about the noise from unit 4B.
EMAIL	开头-目的	I am writing to request	chunk	我写信申请/请求	申请类开头，后接名词	I am writing to request an extension of the deadline.
EMAIL	开头-目的	I hope this email finds you well	chunk	希望您一切安好	礼貌垫句。只在半正式以上用，且不要每封都写	I hope this email finds you well.
EMAIL	开头-回应	Thank you for your email regarding	chunk	感谢您关于……的来信	回复类开头首选	Thank you for your email regarding the refund.
EMAIL	开头-回应	Further to our conversation on	chunk	接我们……的谈话	承接之前沟通，显得专业	Further to our conversation on Monday, I am sending the figures.
EMAIL	开头-回应	I am following up on	pv	我来跟进……	跟进类。follow up on 是职场超高频	I am following up on my previous request.
EMAIL	正文-说明	Please be advised that	chunk	特此告知	正式通知语气	Please be advised that the office will close at noon.
EMAIL	正文-说明	I would like to draw your attention to	chunk	我想提请您注意	引出问题点	I would like to draw your attention to a billing error.
EMAIL	正文-说明	As you may be aware	chunk	想必您已知悉	铺垫已知信息	As you may be aware, the policy changed last month.
EMAIL	正文-说明	It has come to my attention that	chunk	我注意到	正式指出问题，不带指责	It has come to my attention that the report is incomplete.
EMAIL	正文-说明	for your reference	chunk	供您参考	附件/信息后缀	I have attached the schedule for your reference.
EMAIL	正文-说明	Please find attached	chunk	附件请查收	邮件公约用语，PTE 明确考 email conventions	Please find attached a copy of the receipt.
EMAIL	正文-请求	I would appreciate it if you could	chunk	如果您能……我将不胜感激	最安全的礼貌请求句式。it 不能省	I would appreciate it if you could confirm by Friday.
EMAIL	正文-请求	Could you please + 动词原形	chunk	请您……好吗	中等正式请求	Could you please send me the updated invoice?
EMAIL	正文-请求	I would be grateful if you could	chunk	若您能……我将非常感激	与 appreciate 句式轮换，避免重复扣词汇分	I would be grateful if you could look into this.
EMAIL	正文-请求	Would it be possible to	chunk	是否有可能……	试探性请求，最柔和	Would it be possible to reschedule the meeting?
EMAIL	正文-请求	I am writing to ask whether	chunk	我想问是否	引出是非型请求	I am writing to ask whether a replacement is available.
EMAIL	正文-请求	at your earliest convenience	chunk	请尽早	催促但不失礼，远胜 as soon as possible	Please reply at your earliest convenience.
EMAIL	正文-请求	Kindly + 动词原形	chunk	敬请……	简短正式请求，慎用过多	Kindly confirm receipt of this email.
EMAIL	正文-道歉	Please accept my sincere apologies for	chunk	对……请接受我诚挚的歉意	最高级别道歉，客服场景首选	Please accept my sincere apologies for the inconvenience.
EMAIL	正文-道歉	I sincerely apologise for	chunk	我为……深表歉意	apologise/apologize 都可，全篇统一	I sincerely apologise for the delay in responding.
EMAIL	正文-道歉	I regret to inform you that	chunk	很遗憾地通知您	拒绝/坏消息标准句	I regret to inform you that your request was declined.
EMAIL	正文-道歉	We are sorry for any inconvenience caused	chunk	对造成的不便我们深感抱歉	固定搭配，caused 不要漏	We are sorry for any inconvenience caused.
EMAIL	正文-道歉	This was an oversight on our part	chunk	这是我方的疏忽	承认错误但不过度自责	This was an oversight on our part and has now been corrected.
EMAIL	正文-道歉	rest assured that	chunk	请放心……	安抚客户高分表达	Rest assured that this will not happen again.
EMAIL	正文-投诉	fall short of	pv	未达到（标准/期望）	投诉用语，比 be bad 高级	The service fell short of our expectations.
EMAIL	正文-投诉	be dissatisfied with	phr	对……不满意	正式表达不满，不要用 angry	I am dissatisfied with the quality of the repair.
EMAIL	正文-投诉	on three separate occasions	chunk	前后三次	量化投诉，增加 content 分	I have raised this issue on three separate occasions.
EMAIL	正文-投诉	to no avail	idm	毫无结果	投诉升级用语	I have called twice, to no avail.
EMAIL	正文-投诉	I trust you will	chunk	我相信您会……	施压但礼貌	I trust you will resolve this promptly.
EMAIL	正文-投诉	seek a resolution	chunk	寻求解决方案	投诉邮件结尾诉求	I am writing to seek a resolution to this matter.
EMAIL	正文-投诉	a full refund	chunk	全额退款	消费投诉高频诉求	I would like to request a full refund.
EMAIL	正文-投诉	compensation	n.	赔偿	不可数，不加 s	We are prepared to offer compensation.
EMAIL	正文-解释	due to circumstances beyond our control	chunk	由于我们无法控制的情况	万能免责说明	The event was postponed due to circumstances beyond our control.
EMAIL	正文-解释	owing to	phr	由于	比 because of 正式	Owing to a staff shortage, opening hours have changed.
EMAIL	正文-解释	with a view to + V-ing	chunk	旨在……	表目的的高分结构	We have revised the process with a view to avoiding further delays.
EMAIL	正文-解释	in an effort to	chunk	为了	表努力方向	In an effort to reduce waiting times, we have hired more staff.
EMAIL	正文-提议	I would suggest that we	chunk	我建议我们	suggest 后从句用原形动词（虚拟）	I would suggest that we meet on Thursday.
EMAIL	正文-提议	One option would be to	chunk	一个选择是	给出方案，适合三点式 bullet	One option would be to extend the deadline by a week.
EMAIL	正文-提议	Alternatively, you may wish to	chunk	或者，您可以考虑	给第二方案，高分连接	Alternatively, you may wish to book online.
EMAIL	正文-提议	I am happy to	chunk	我很乐意	主动提供帮助	I am happy to arrange a replacement.
EMAIL	正文-提议	If this is not convenient, please let me know	chunk	如不方便请告知	体贴收尾，得 appropriacy 分	If this is not convenient, please let me know.
EMAIL	结尾-行动	Please do not hesitate to contact me	chunk	请随时与我联系	结尾万能句，hesitate 拼写易错	Please do not hesitate to contact me if you need further details.
EMAIL	结尾-行动	I look forward to hearing from you	chunk	期待您的回复	look forward to 后接 V-ing，绝不接原形	I look forward to hearing from you.
EMAIL	结尾-行动	I await your response	chunk	静候回复	简短正式版	I await your response.
EMAIL	结尾-行动	Thank you for your time and consideration	chunk	感谢您的时间与考虑	申请/请求类结尾	Thank you for your time and consideration.
EMAIL	结尾-行动	Thank you in advance for your assistance	chunk	提前感谢您的协助	请求后结尾	Thank you in advance for your assistance.
EMAIL	结尾-落款	Yours sincerely	chunk	此致敬礼	知道收件人姓名时用（英式规则）	Yours sincerely, Jian Zhou
EMAIL	结尾-落款	Yours faithfully	chunk	谨启	不知姓名（Dear Sir or Madam）时用	Yours faithfully, Jian Zhou
EMAIL	结尾-落款	Kind regards	chunk	此致	半正式最安全，北美职场默认	Kind regards, Jian
EMAIL	结尾-落款	Best regards	chunk	顺颂商祺	与 Kind regards 等价，轮换使用	Best regards, Jian
EMAIL	结尾-落款	Warm regards	chunk	致以温暖的问候	偏熟人/半私人	Warm regards, Jian
RTS	开场-缓冲	Thanks for letting me know	chunk	谢谢你告诉我	口语开场垫句，争取思考时间且自然	Thanks for letting me know — I really appreciate the heads-up.
RTS	开场-缓冲	I really appreciate you asking me	chunk	很感谢你来问我	应邀/被求助场景开场	I really appreciate you asking me, but unfortunately…
RTS	开场-缓冲	That's a good point	chunk	你说得有道理	回应对方观点	That's a good point, and I'd like to add something.
RTS	开场-缓冲	Let me see what I can do	chunk	我看看我能做什么	被请求帮忙时的自然回应	Let me see what I can do about that.
RTS	开场-缓冲	I can understand why you feel that way	chunk	我理解你为什么这么想	共情句，投诉/冲突场景必备	I can completely understand why you feel that way.
RTS	拒绝	I'm afraid I won't be able to	chunk	恐怕我没办法	标准礼貌拒绝，不要直接说 I can't	I'm afraid I won't be able to make it on Saturday.
RTS	拒绝	Unfortunately, I've already committed to	chunk	不巧我已经答应了	给出理由的拒绝	Unfortunately, I've already committed to another event that day.
RTS	拒绝	I'd love to, but	chunk	我很想，但是	软化拒绝的标准开头	I'd love to, but I have a prior engagement.
RTS	拒绝	a prior engagement	chunk	已有安排	拒绝邀约的万能理由，不必编细节	I have a prior engagement that evening.
RTS	拒绝	Can I take a rain check?	idm	能改天吗	北美超高频口语，改期的地道说法	Can I take a rain check on that?
RTS	拒绝	Would it be okay if we postponed it?	chunk	我们能推迟吗	提出改期	Would it be okay if we postponed it to next week?
RTS	道歉	I owe you an apology	chunk	我该向你道歉	口语道歉开场，比 sorry 有分量	I owe you an apology for missing the meeting.
RTS	道歉	I'm so sorry for the mix-up	chunk	抱歉搞混了	mix-up 名词，指小差错	I'm so sorry for the mix-up with the booking.
RTS	道歉	It completely slipped my mind	idm	我完全忘了	忘事场景地道表达	I'm sorry — it completely slipped my mind.
RTS	道歉	Let me make it up to you	idm	让我补偿你	道歉后提补救，得 appropriacy 分	Let me make it up to you — coffee's on me.
RTS	道歉	I take full responsibility	chunk	我承担全部责任	职场担责高分句	I take full responsibility for the error.
RTS	请求	Would you mind + V-ing	chunk	你介意……吗	最礼貌请求。注意后接 V-ing，且回答 No 才是答应	Would you mind keeping the noise down after ten?
RTS	请求	I was wondering if you could	chunk	我在想你能否	间接请求，语气最柔和	I was wondering if you could cover my shift on Friday.
RTS	请求	Do you think you could possibly	chunk	你觉得你有可能……吗	双重缓和，很礼貌	Do you think you could possibly give me a hand?
RTS	请求	Is there any chance you could	chunk	你有没有可能	口语化礼貌请求	Is there any chance you could move your car?
RTS	请求	I'd really appreciate it if you could	chunk	你要是能……我真的很感激	口语版感激请求	I'd really appreciate it if you could let me know today.
RTS	请求	give me a hand	idm	帮我一把	非正式求助，朋友同事场景	Could you give me a hand with these boxes?
RTS	提建议	If I were you, I'd	chunk	我要是你，我会	虚拟语气建议句，考官爱听的语法点	If I were you, I'd speak to the supervisor directly.
RTS	提建议	You might want to consider	chunk	你也许可以考虑	最不冒犯的建议句	You might want to consider booking in advance.
RTS	提建议	Have you thought about + V-ing	chunk	你想过……吗	建议句轮换	Have you thought about asking for a transfer?
RTS	提建议	It might be worth + V-ing	chunk	也许值得……	温和建议	It might be worth checking the warranty first.
RTS	提建议	What I'd suggest is	chunk	我的建议是	清楚引出建议，方便展开	What I'd suggest is that we split the task.
RTS	安抚	Don't worry about it	chunk	别担心	接受别人道歉的标准回应	Don't worry about it — these things happen.
RTS	安抚	These things happen	chunk	这种事难免	宽慰他人的地道短句	No harm done. These things happen.
RTS	安抚	No harm done	idm	没造成什么损失	原谅对方	It's fine, no harm done.
RTS	安抚	I'm sure it'll work out	chunk	我相信会解决的	给人信心	Try not to stress — I'm sure it'll work out.
RTS	安抚	Let me know if there's anything I can do	chunk	有什么我能帮的告诉我	收尾万能句	Let me know if there's anything I can do to help.
RTS	投诉	I don't mean to complain, but	chunk	我不是想抱怨，但是	软化投诉开场，保住 appropriacy	I don't mean to complain, but the heating still isn't working.
RTS	投诉	I wanted to bring something to your attention	chunk	我想跟你反映一件事	正式提出问题	I wanted to bring something to your attention about the schedule.
RTS	投诉	It's been going on for a while now	chunk	已经持续一段时间了	强调问题持续性	It's been going on for a while now and it's affecting my sleep.
RTS	投诉	Is there any way we could sort this out?	chunk	我们有办法解决吗	投诉后导向解决，高分收尾	Is there any way we could sort this out today?
RTS	祝贺感谢	Congratulations on + n./V-ing	chunk	祝贺你……	注意介词是 on 不是 for	Congratulations on your promotion!
RTS	祝贺感谢	I'm so happy for you	chunk	我真为你高兴	口语祝贺自然表达	That's fantastic news — I'm so happy for you!
RTS	祝贺感谢	You really went above and beyond	idm	你真是超额付出	表扬他人的高分习语	You really went above and beyond on this project.
RTS	祝贺感谢	I can't thank you enough	chunk	真是感激不尽	强烈感谢	I can't thank you enough for stepping in.
RTS	祝贺感谢	That means a lot to me	chunk	这对我意义重大	真诚回应	Thank you — that means a lot to me.
RTS	收尾	Does that work for you?	chunk	这样行吗	提议后确认，自然收尾	How about Thursday at two? Does that work for you?
RTS	收尾	Just let me know either way	chunk	不管怎样都告诉我一声	留出回应空间	Just let me know either way by tomorrow.
RTS	收尾	I'll keep you posted	idm	我随时告诉你进展	承诺后续沟通	I'll look into it and keep you posted.
RTS	收尾	I'll get back to you on that	chunk	这事我回头答复你	无法当场决定时用	Let me check the dates and I'll get back to you on that.
DI	图表类型	bar chart / bar graph	n.	柱状图	开场一句必须报图型，漏了扣 content 分	The bar chart compares sales across four regions.
DI	图表类型	line graph	n.	折线图	表示随时间变化	The line graph illustrates changes in rainfall from 2010 to 2020.
DI	图表类型	pie chart	n.	饼图	表比例，配 proportion/share	The pie chart shows the breakdown of household spending.
DI	图表类型	flow chart / process diagram	n.	流程图	配 stage/step 描述	The flow chart outlines the recycling process.
DI	图表类型	table	n.	表格	配 row/column	The table presents figures for five product lines.
DI	图表类型	floor plan / map	n.	平面图/地图	PTE Core 常考建筑平面与社区地图	The map shows the layout of the community centre.
DI	图表类型	poster / flyer	n.	海报/传单	Core 特有的生活类图片，要读出标题和关键信息	The poster advertises a free vaccination clinic.
DI	图表类型	the x-axis / the y-axis	n.	横轴/纵轴	说明坐标含义	The x-axis represents years and the y-axis shows revenue in dollars.
DI	开场句	The chart illustrates	chunk	该图表说明	万能开场动词：illustrate/show/present/compare	The chart illustrates how energy use varies by season.
DI	开场句	provide an overview of	chunk	概述	开场概括	The diagram provides an overview of the application procedure.
DI	开场句	be broken down by	pv	按……细分	描述分类维度	The data is broken down by age group.
DI	趋势-上升	rise / increase / grow	v.	上升	最基础，务必搭配副词避免重复	Sales rose steadily throughout the year.
DI	趋势-上升	climb	v.	攀升	rise 的替换词	Attendance climbed to 4,000 in June.
DI	趋势-上升	surge	v.	激增	剧烈上升	Demand surged after the announcement.
DI	趋势-上升	soar	v.	飙升	最强烈的上升	House prices soared by 30 percent.
DI	趋势-上升	pick up	pv	回升	下跌后的恢复	Business picked up in the final quarter.
DI	趋势-下降	fall / decline / decrease	v.	下降	基础词	Enrolment fell sharply after 2018.
DI	趋势-下降	drop	v.	下跌	口语化，读图常用	The figure dropped to just 12 percent.
DI	趋势-下降	plummet	v.	暴跌	极剧烈下降，高分词	Profits plummeted in the second half.
DI	趋势-下降	dip	v./n.	小幅回落	短暂下降	There was a slight dip in March.
DI	趋势-下降	taper off	pv	逐渐减少	缓慢衰减	Participation tapered off towards the end.
DI	趋势-平稳	remain stable / level off	chunk	保持平稳/趋于平稳	平台期表达	Numbers levelled off at around 500.
DI	趋势-平稳	plateau	v./n.	进入平台期	高分词	The trend plateaued after 2015.
DI	趋势-平稳	fluctuate	v.	波动	上下起伏	Temperatures fluctuated between 5 and 15 degrees.
DI	趋势-副词	sharply / dramatically	adv.	急剧地	修饰剧烈变化	Costs rose dramatically in one year.
DI	趋势-副词	steadily / gradually	adv.	稳步/逐渐地	修饰平缓变化	Membership grew steadily over the decade.
DI	趋势-副词	slightly / marginally	adv.	略微地	小幅变化	Output fell marginally in the last month.
DI	趋势-副词	significantly / considerably	adv.	显著地	通用强化词	Waiting times decreased considerably.
DI	极值比较	the highest / the peak	n.	最高点/峰值	必说极值，是 content 得分点	Sales reached a peak of 8,000 units in July.
DI	极值比较	the lowest point / bottom out	chunk	最低点/触底	极值另一端	The figure bottomed out at 200 in January.
DI	极值比较	account for	pv	占（比例）	饼图核心动词	Housing accounts for 35 percent of total spending.
DI	极值比较	make up	pv	构成	account for 的替换	Seniors make up nearly a quarter of users.
DI	极值比较	outnumber	v.	数量超过	比较两组	Female participants outnumbered male participants.
DI	极值比较	twice as many as	chunk	是……的两倍	倍数表达，高分结构	There were twice as many visitors as in the previous year.
DI	极值比较	compared with / in contrast to	chunk	与……相比	比较连接	In contrast to the city centre, the suburbs saw little change.
DI	极值比较	whereas / while	conj.	而	对比连接词，写作口语通用	Sales grew in the north, whereas they fell in the south.
DI	收尾	Overall, it is clear that	chunk	总体而言，显然	结尾句必说，是评分点	Overall, it is clear that demand has risen over the period.
SUM	概括动词	argue that	v.	论证说	SWT 首选转述动词	The author argues that remote work improves retention.
SUM	概括动词	claim that	v.	声称	带轻微质疑色彩	The report claims that costs will fall.
SUM	概括动词	highlight	v.	强调	中性概括	The article highlights the shortage of skilled workers.
SUM	概括动词	outline	v.	概述	介绍框架	The passage outlines three approaches to the problem.
SUM	概括动词	emphasise	v.	强调	与 highlight 轮换	The speaker emphasised the need for early intervention.
SUM	概括动词	attribute A to B	v.	把A归因于B	因果转述高分结构	The decline is attributed to rising interest rates.
SUM	概括动词	point out	pv	指出	口语书面通用	The writer points out that the data is incomplete.
SUM	概括动词	conclude that	v.	得出结论	收尾转述	The study concludes that the method is cost-effective.
SUM	概括动词	propose	v.	提出（方案）	建议类	The author proposes a phased rollout.
SUM	概括动词	examine / explore	v.	探讨	中性引出主题	The text examines the causes of urban sprawl.
SUM	概括名词	findings	n.	研究结果	复数形式，SST 高频	The findings suggest a strong link between the two.
SUM	概括名词	implications	n.	影响/意义	结尾常用	The implications for small businesses are significant.
SUM	概括名词	drawbacks	n.	弊端	对比优缺点	Despite the drawbacks, the scheme has proved popular.
SUM	概括名词	factors	n.	因素	万能概括名词	Several factors contributed to the outcome.
SUM	概括结构	which suggests that	chunk	这表明	SWT 一句话压缩的关键从句	…, which suggests that the policy is working.
SUM	概括结构	although … , …	chunk	尽管……	让步结构，一句话内装两个要点	Although costs have risen, demand remains strong.
SUM	概括结构	while acknowledging that	chunk	虽然承认	高密度压缩结构	While acknowledging the risks, the author supports the plan.
SUM	概括结构	by + V-ing	chunk	通过……	压缩方式状语	By automating the process, the company cut errors by half.
SUM	连接词-递进	moreover / furthermore	adv.	此外	正式递进	Furthermore, the scheme reduced waiting times.
SUM	连接词-递进	in addition to	prep.	除……之外还	后接名词或 V-ing	In addition to training, staff received a bonus.
SUM	连接词-转折	however / nevertheless	adv.	然而/尽管如此	最常用转折，注意标点	The plan was approved; however, funding was delayed.
SUM	连接词-转折	on the contrary	chunk	恰恰相反	纠正误解，不等于 on the other hand	It did not fail; on the contrary, it exceeded targets.
SUM	连接词-转折	despite / in spite of	prep.	尽管	后接名词或 V-ing，绝不接从句	Despite the cost, the project went ahead.
SUM	连接词-因果	consequently / as a result	adv.	因此	结果连接	Demand fell and, consequently, prices dropped.
SUM	连接词-因果	therefore / thus	adv.	所以	正式因果	The data is limited; therefore, the results are tentative.
SUM	连接词-因果	since / given that	conj.	鉴于	引出原因	Given that resources are limited, priorities must be set.
SUM	连接词-举例	for instance / such as	chunk	例如	for instance 后跟句子，such as 后跟名词	Basic services, such as water and heating, were restored.
SUM	连接词-总结	in short / to sum up	chunk	简而言之	SST 收尾	In short, the benefits outweigh the costs.
WORK	求职招聘	job posting / job ad	n.	招聘启事	北美说 posting，英国说 advert	I saw the job posting on the company website.
WORK	求职招聘	vacancy / opening	n.	空缺职位	opening 更口语，北美常用	There is an opening in the finance team.
WORK	求职招聘	résumé / CV	n.	简历	北美用 résumé，CV 指学术长简历	Please attach your résumé and a cover letter.
WORK	求职招聘	cover letter	n.	求职信	与 résumé 固定搭配	Her cover letter was tailored to the role.
WORK	求职招聘	apply for a position	chunk	申请职位	介词是 for；apply to 接公司	I would like to apply for the position of office coordinator.
WORK	求职招聘	shortlist	v./n.	入围名单	被选入面试	Only five applicants were shortlisted.
WORK	求职招聘	job interview	n.	面试	固定搭配，不说 job test	I have a job interview on Tuesday morning.
WORK	求职招聘	qualifications	n.	资历/学历	通常复数	She has the qualifications required for the role.
WORK	求职招聘	credentials	n.	资质证明	加拿大移民语境高频（外国学历认证）	Foreign credentials must be assessed before you can practise.
WORK	求职招聘	references	n.	推荐人	北美求职必备	Please provide two professional references.
WORK	求职招聘	hands-on experience	chunk	实操经验	简历高分搭配	I have five years of hands-on experience in logistics.
WORK	求职招聘	transferable skills	chunk	可迁移技能	转行必备表达	My transferable skills include project coordination.
WORK	求职招聘	be a good fit for	chunk	适合……	面试高频	I believe I would be a good fit for your team.
WORK	求职招聘	probation period	n.	试用期	雇佣条款	The role includes a three-month probation period.
WORK	雇佣条款	full-time / part-time	adj.	全职/兼职	连字符不能少	This is a full-time permanent position.
WORK	雇佣条款	permanent / temporary	adj.	长期/临时的	合同类型	The contract is temporary, ending in December.
WORK	雇佣条款	shift work	n.	轮班工作	加拿大蓝领岗位高频	The job involves shift work, including nights.
WORK	雇佣条款	overtime	n.	加班（费）	不可数	Overtime is paid at 1.5 times the regular rate.
WORK	雇佣条款	salary / wage	n.	薪水/工资	salary 按年，wage 按小时	The starting wage is $22 an hour.
WORK	雇佣条款	benefits package	n.	福利待遇包	北美求职核心词	The benefits package includes dental and vision coverage.
WORK	雇佣条款	paid leave	n.	带薪假	PTE 邮件题高频	Employees are entitled to ten days of paid leave.
WORK	雇佣条款	sick leave	n.	病假	固定搭配	I need to take sick leave for two days.
WORK	雇佣条款	parental leave	n.	育儿假	加拿大特色福利（男女通用）	She is on parental leave until August.
WORK	雇佣条款	notice period	n.	离职通知期	辞职必用	I am required to give two weeks' notice.
WORK	雇佣条款	be entitled to	phr	有权享有	正式权利表达	Part-time staff are entitled to the same rate.
WORK	雇佣条款	severance pay	n.	遣散费	裁员语境	Employees received severance pay based on tenure.
WORK	日常职场	colleague / coworker	n.	同事	coworker 北美更常用	I discussed it with a coworker.
WORK	日常职场	supervisor / line manager	n.	直属上司	PTE 邮件常见收件人	Please copy your supervisor on the email.
WORK	日常职场	staff	n.	员工（集体）	集体名词，不加 s，不说 a staff	All staff are required to attend.
WORK	日常职场	workload	n.	工作量	高频抱怨/协商词	My workload has increased significantly.
WORK	日常职场	deadline	n.	截止期限	meet/miss/extend a deadline	We are on track to meet the deadline.
WORK	日常职场	cover a shift	chunk	代班	同事互助场景高频	Could you cover my shift on Friday?
WORK	日常职场	call in sick	pv	打电话请病假	固定搭配	I had to call in sick yesterday.
WORK	日常职场	take time off	chunk	请假/休假	口语常用	I would like to take two days off next week.
WORK	日常职场	clock in / clock out	pv	打卡上下班	时薪岗位高频	Remember to clock in before your shift starts.
WORK	日常职场	be short-staffed	adj.	人手不足	职场问题高频	We're short-staffed this week.
WORK	日常职场	fill in for someone	pv	顶替某人	临时代岗	Can you fill in for Maria on Thursday?
WORK	日常职场	hand in / submit	pv	提交	hand in 口语，submit 正式	Please hand in your timesheet by Friday.
WORK	日常职场	timesheet	n.	工时表	时薪制职场必备	Timesheets must be submitted weekly.
WORK	会议项目	agenda	n.	议程	meeting 固定搭配	I've attached the agenda for tomorrow's meeting.
WORK	会议项目	minutes	n.	会议纪要	复数形式才是这个意思	Could you take the minutes today?
WORK	会议项目	reschedule	v.	改期	PTE 邮件高频动词	We need to reschedule the meeting to Thursday.
WORK	会议项目	postpone / put off	v./pv	推迟	put off 后接 V-ing	The launch has been postponed until March.
WORK	会议项目	bring forward	pv	提前	与 postpone 相反，易忘	The deadline has been brought forward to the 10th.
WORK	会议项目	attend	v.	出席	及物动词，不加 to	I will be unable to attend the session.
WORK	会议项目	follow up on	pv	跟进	职场最高频短语动词之一	I'll follow up on that with the supplier.
WORK	会议项目	touch base	idm	简短沟通一下	北美职场地道习语	Let's touch base early next week.
WORK	会议项目	run behind schedule	chunk	进度落后	项目更新邮件高频	The project is running slightly behind schedule.
WORK	会议项目	on track	phr	进展顺利	与上条相反	We are on track to deliver by the end of the month.
WORK	会议项目	milestone	n.	里程碑	项目管理词	We have reached the first milestone.
WORK	会议项目	deliverable	n.	交付成果	项目词，常复数	All deliverables are due next Friday.
WORK	会议项目	stakeholder	n.	利益相关方	项目沟通高频	We need to inform all stakeholders.
WORK	会议项目	within budget	chunk	在预算内	项目汇报三要素之一	The work was completed on time and within budget.
WORK	会议项目	allocate resources	chunk	分配资源	正式搭配	We will allocate additional resources to the task.
WORK	会议项目	delegate	v.	把工作分派给	管理动词	She delegated the reporting to her assistant.
WORK	会议项目	prioritise	v.	按优先级处理	职场高频	We need to prioritise the client's request.
WORK	绩效发展	performance review	n.	绩效评估	北美职场年度事件	My performance review is scheduled for next month.
WORK	绩效发展	feedback	n.	反馈	不可数，不说 feedbacks	I'd welcome any feedback on the draft.
WORK	绩效发展	promotion	n.	晋升	get/be up for a promotion	Congratulations on your promotion!
WORK	绩效发展	raise (US) / pay rise (UK)	n.	加薪	加拿大用 raise	She asked for a raise at her review.
WORK	绩效发展	professional development	n.	职业发展培训	福利类高频	The company funds professional development courses.
WORK	绩效发展	upskill	v.	提升技能	现代职场热词	Staff were encouraged to upskill in data tools.
WORK	绩效发展	mentor	n./v.	导师/指导	职场支持体系	A senior engineer mentored me for six months.
WORK	绩效发展	take on more responsibility	chunk	承担更多责任	面试/晋升表达	I'm ready to take on more responsibility.
WORK	绩效发展	meet expectations	chunk	达到预期	绩效用语	His work consistently meets expectations.
WORK	职场问题	resign / hand in one's notice	v./chunk	辞职	正式与口语版	She resigned after five years with the firm.
WORK	职场问题	lay off	pv	裁员	非员工过错；被动 be laid off	Thirty staff were laid off last quarter.
WORK	职场问题	dismiss / fire	v.	解雇	因过错辞退，fire 口语	He was dismissed for repeated lateness.
WORK	职场问题	grievance	n.	申诉	正式投诉程序	She filed a formal grievance with HR.
WORK	职场问题	harassment	n.	骚扰	加拿大职场法规高频	The company has a zero-tolerance policy on harassment.
WORK	职场问题	discrimination	n.	歧视	人权法语境	Discrimination on the basis of age is prohibited.
WORK	职场问题	burnout	n.	职业倦怠	现代职场热词	Long hours can lead to burnout.
WORK	职场问题	work-life balance	n.	工作生活平衡	议论类高频	Remote work has improved my work-life balance.
WORK	职场问题	conflict of interest	n.	利益冲突	职业道德词	You must declare any conflict of interest.
WORK	职场问题	health and safety	n.	职业健康与安全	加拿大工作场所法定术语	All staff must complete health and safety training.
WORK	职场问题	workplace injury	n.	工伤	与 WSIB/赔偿相关	He reported a workplace injury to his supervisor.
WORK	工作模式	remote work / telework	n.	远程办公	议论题超高频	Remote work has become standard in many sectors.
WORK	工作模式	hybrid model	n.	混合办公模式	疫情后热词	We operate on a hybrid model: three days in the office.
WORK	工作模式	flexible hours / flextime	n.	弹性工作时间	福利协商高频	The role offers flexible hours.
WORK	工作模式	commute	n./v.	通勤	与远程办公对比	My commute takes about an hour each way.
WORK	工作模式	self-employed / freelance	adj.	自雇/自由职业	加拿大报税语境高频	I have been self-employed for three years.
WORK	工作模式	gig economy	n.	零工经济	社会议题词	The gig economy offers flexibility but little security.
HOME	租房	landlord / landlady	n.	房东	PTE Core 邮件题超高频收件人	I emailed the landlord about the leak.
HOME	租房	tenant	n.	租客	与 landlord 成对	Tenants must give 60 days' notice.
HOME	租房	lease / tenancy agreement	n.	租约	sign/renew/break a lease	My lease expires at the end of June.
HOME	租房	rent	n./v.	房租/租用	不可数；pay rent 不加 the	The rent is due on the first of each month.
HOME	租房	security deposit	n.	押金	加拿大多为 last month's rent	The security deposit will be returned within ten days.
HOME	租房	utilities	n.	水电煤等公用事业费	租房广告核心词，永远用复数	Rent is $1,600 including utilities.
HOME	租房	hydro	n.	电费（加拿大用法）	加拿大特有：electricity 叫 hydro	Hydro is not included in the rent.
HOME	租房	superintendent / super	n.	楼管/管理员	加拿大公寓特有称呼	Please contact the building superintendent.
HOME	租房	property manager	n.	物业经理	投诉邮件常见对象	I have reported the issue to the property manager twice.
HOME	租房	sublet	v./n.	转租	租房合规问题	Subletting requires written permission.
HOME	租房	move in / move out	pv	搬入/搬出	固定搭配	We are moving in on the first of August.
HOME	租房	furnished / unfurnished	adj.	带家具/不带家具的	租房广告必读词	The unit is partially furnished.
HOME	租房	one-bedroom unit	n.	一居室	北美房源标准说法	We are looking for a one-bedroom unit downtown.
HOME	租房	bachelor apartment / studio	n.	开间公寓	bachelor 是加拿大特有说法	A bachelor apartment rents for around $1,200.
HOME	维修	leak	n./v.	漏水	维修邮件最高频问题	There is a leak under the kitchen sink.
HOME	维修	clogged / blocked drain	n.	下水道堵塞	常见报修	The bathroom drain has been clogged since Monday.
HOME	维修	faulty	adj.	有故障的	正式描述设备问题	The smoke detector appears to be faulty.
HOME	维修	out of order	phr	无法使用	公共设施故障	The elevator has been out of order for three days.
HOME	维修	repair / fix	v./n.	维修	repair 正式，fix 口语	The repairs were completed the same day.
HOME	维修	maintenance request	n.	报修申请	租房流程术语	I submitted a maintenance request online.
HOME	维修	heating / furnace	n.	暖气/炉子	加拿大冬天核心报修词	The furnace stopped working overnight.
HOME	维修	air conditioning	n.	空调	常缩写 AC	The air conditioning is not cooling properly.
HOME	维修	plumbing	n.	管道系统	不可数	The building has ongoing plumbing problems.
HOME	维修	wear and tear	idm	正常磨损	押金纠纷关键概念	Normal wear and tear is not deducted from the deposit.
HOME	维修	infestation	n.	虫害	严重报修理由	There has been a pest infestation on the third floor.
HOME	购房	mortgage	n.	按揭贷款	加拿大置业核心词	We were pre-approved for a mortgage.
HOME	购房	down payment	n.	首付	北美说法，不用 deposit	The minimum down payment is five percent.
HOME	购房	property tax	n.	房产税	加拿大房主年度支出	Property taxes are billed by the municipality.
HOME	购房	real estate agent / realtor	n.	房产经纪	realtor 北美常用	Our realtor arranged three viewings.
HOME	购房	closing costs	n.	成交费用	买房隐藏成本	Remember to budget for closing costs.
HOME	购房	condo fees	n.	公寓管理费	加拿大 condo 特有	Condo fees cover the gym and the pool.
HOME	社区	neighbour	n.	邻居	加拿大用英式拼写 neighbour	My neighbour plays music late at night.
HOME	社区	noise complaint	n.	噪音投诉	RTS 与邮件题高频场景	I filed a noise complaint with the building office.
HOME	社区	keep the noise down	chunk	把音量放低	礼貌请求邻居	Would you mind keeping the noise down after ten?
HOME	社区	parking spot / space	n.	停车位	社区纠纷高频	Someone parked in my assigned parking spot.
HOME	社区	garbage / recycling / compost	n.	垃圾/回收/厨余	加拿大三分类，compost 是特色	Compost is collected every Tuesday.
HOME	社区	curbside pickup	n.	路边收运/路边取货	加拿大市政与零售通用词	Recycling is placed at the curb for curbside pickup.
HOME	社区	snow removal / shovelling	n.	除雪/铲雪	加拿大冬季生活必备	Snow removal is the tenant's responsibility.
HOME	社区	community centre	n.	社区中心	加拿大社区生活核心场所	The community centre offers free language classes.
HOME	社区	bylaw	n.	市政条例	加拿大特有：municipal bylaw	A city bylaw prohibits noise after 11 p.m.
HEALTH	就医	make an appointment	chunk	预约	不说 make a reservation（那是餐厅酒店）	I would like to make an appointment with Dr. Lee.
HEALTH	就医	family doctor / GP	n.	家庭医生	加拿大医疗体系入口，超高频	It can take months to find a family doctor.
HEALTH	就医	walk-in clinic	n.	免预约诊所	加拿大特有就医方式	I went to a walk-in clinic instead of the ER.
HEALTH	就医	emergency room (ER)	n.	急诊室	英国说 A and E，加拿大用 ER	The ER wait was over six hours.
HEALTH	就医	referral	n.	转诊单	加拿大看专科必须先有转诊	You need a referral to see a specialist.
HEALTH	就医	specialist	n.	专科医生	与 family doctor 对应	She was referred to a specialist.
HEALTH	就医	prescription	n.	处方	fill a prescription 是去取药	I need to renew my prescription.
HEALTH	就医	pharmacy / drugstore	n.	药房	加拿大两者通用	The pharmacy is open until nine.
HEALTH	就医	over-the-counter	adj.	非处方的	与 prescription 相对	Over-the-counter painkillers should be enough.
HEALTH	就医	health card	n.	医保卡	加拿大省级医保卡，如安省 OHIP 卡	Remember to bring your health card.
HEALTH	就医	coverage	n.	保障范围	保险核心词，不可数	Dental care is not covered by provincial health coverage.
HEALTH	就医	extended health benefits	n.	补充医疗福利	雇主提供，覆盖牙科视力	My employer provides extended health benefits.
HEALTH	就医	out-of-pocket	adj./adv.	自费的	保险费用词	I paid $40 out of pocket for the medication.
HEALTH	就医	waiting list	n.	轮候名单	加拿大医疗体系常见抱怨点	He has been on a waiting list for surgery.
HEALTH	症状	symptom	n.	症状	描述病情基础词	My symptoms started three days ago.
HEALTH	症状	come down with	pv	染上（病）	口语地道表达	I think I am coming down with the flu.
HEALTH	症状	run a fever	chunk	发烧	北美说法	She has been running a fever since last night.
HEALTH	症状	sore throat	n.	喉咙痛	固定搭配，不用 painful throat	I have a sore throat and a headache.
HEALTH	症状	chronic condition	n.	慢性病	与 acute 急性相对	He manages a chronic condition with medication.
HEALTH	症状	side effect	n.	副作用	常用复数	Drowsiness is a common side effect.
HEALTH	症状	recover from	v.	从……康复	介词固定用 from	It took two weeks to recover from the surgery.
HEALTH	健康生活	well-being	n.	身心健康	议论类高分词，连字符不能少	The program supports employee well-being.
HEALTH	健康生活	mental health	n.	心理健康	加拿大社会议题高频	There is growing awareness of mental health at work.
HEALTH	健康生活	sedentary lifestyle	n.	久坐的生活方式	健康议论必备	A sedentary lifestyle increases health risks.
HEALTH	健康生活	balanced diet	n.	均衡饮食	固定搭配	A balanced diet and regular exercise are essential.
HEALTH	健康生活	work out	pv	健身锻炼	PTE Core 健身房邮件题实际考过	I work out three times a week.
HEALTH	健康生活	cardio / strength training	n.	有氧训练/力量训练	健身邮件题的三点式内容	The class combines cardio and strength training.
HEALTH	健康生活	screening	n.	筛查	预防医学词	Regular screening can detect problems early.
HEALTH	健康生活	immunisation / vaccination	n.	疫苗接种	社区公告高频	A free vaccination clinic runs on Saturday.
HEALTH	健康生活	first aid	n.	急救	职场培训高频	All supervisors are trained in first aid.
MONEY	银行	chequing account	n.	支票账户	加拿大拼 cheque，不是美式 check	I opened a chequing account at a local branch.
MONEY	银行	savings account	n.	储蓄账户	与 chequing 成对出现	Interest is paid monthly on the savings account.
MONEY	银行	debit card	n.	借记卡	加拿大 Interac 支付主力	Most stores accept debit cards.
MONEY	银行	e-transfer	n.	电子转账	加拿大特有的 Interac e-Transfer	I will send you the money by e-transfer.
MONEY	银行	direct deposit	n.	工资直存	北美发薪标准方式	Your pay will be made by direct deposit.
MONEY	银行	withdraw / deposit	v.	取款/存款	基础银行动词	You can withdraw up to $500 a day.
MONEY	银行	overdraft	n.	透支	账户收费项	The overdraft fee is $5 per occurrence.
MONEY	银行	interest rate	n.	利率	固定搭配	The interest rate has risen twice this year.
MONEY	银行	credit score	n.	信用分	加拿大新移民必须尽早建立	Paying bills on time improves your credit score.
MONEY	银行	RRSP / TFSA	n.	注册退休储蓄计划/免税储蓄账户	加拿大特有账户，听力里会直接念缩写	Contributions to an RRSP are tax-deductible.
MONEY	银行	paycheque	n.	工资支票/工资	加拿大拼 paycheque	Deductions are listed on your paycheque.
MONEY	税务	income tax	n.	所得税	加拿大每年四月报税	Income tax returns are due by 30 April.
MONEY	税务	file a tax return	chunk	报税	动词固定用 file	You must file a tax return even if you had no income.
MONEY	税务	tax refund	n.	退税款	与 tax return 报税表区分	I received a tax refund of $800.
MONEY	税务	deduction	n.	扣除项/扣款	工资条与报税双语境	Childcare costs may qualify as a deduction.
MONEY	税务	GST / HST	n.	商品服务税/统一销售税	加拿大标价不含税，结账才加	The price does not include HST.
MONEY	账单消费	invoice	n.	发票/账单	商务场景，PTE 邮件高频	The invoice is attached for your records.
MONEY	账单消费	be due	phr	到期应付	账单时间表达	The payment is due on the 15th.
MONEY	账单消费	overdue	adj.	逾期的	催款用语	Your account is now 30 days overdue.
MONEY	账单消费	instalment	n.	分期付款	加拿大拼 instalment 单 l	The cost can be paid in six monthly instalments.
MONEY	账单消费	receipt	n.	收据	退货必需，p 不发音但要拼出来	Please keep your receipt for the warranty.
MONEY	账单消费	warranty	n.	保修	消费维权核心词	The laptop is still under warranty.
MONEY	账单消费	refund	n./v.	退款	投诉邮件的核心诉求	I would like a full refund rather than a replacement.
MONEY	账单消费	exchange	n./v.	换货	与 refund 并列给选项	The store offered an exchange but not a refund.
MONEY	账单消费	reimbursement	n.	报销	职场费用场景	I submitted the receipts for reimbursement.
MONEY	账单消费	surcharge	n.	附加费	隐藏收费投诉高频	There is a surcharge for weekend delivery.
MONEY	账单消费	tip / gratuity	n.	小费	北美生活必备，餐厅通常 15 到 20 个百分点	A gratuity of 18 percent is added for large groups.
MONEY	账单消费	budget	n./v.	预算/编制预算	职场与生活双高频	The project came in under budget.
MONEY	账单消费	affordable	adj.	负担得起的	住房议题高频	The city needs more affordable housing.
MONEY	账单消费	cost of living	n.	生活成本	社会议题与口语高频	The cost of living has risen sharply.
MONEY	保险	premium	n.	保费	保险核心词，非 bonus	Car insurance premiums went up this year.
MONEY	保险	deductible	n.	免赔额	北美保险特有概念	The deductible on my policy is $500.
MONEY	保险	claim	n./v.	索赔	动词搭配 file a claim	I filed a claim after the accident.
MONEY	保险	policy	n.	保单	一词多义，也指政策	Please review your policy before renewing.
MONEY	保险	liable / liability	adj./n.	负有责任的/赔偿责任	保险与租房合同高频	The landlord is not liable for tenants' belongings.
MONEY	社保福利	Employment Insurance (EI)	n.	就业保险	加拿大特有：失业与产假都由它支付	She applied for EI after being laid off.
MONEY	社保福利	Canada Pension Plan (CPP)	n.	加拿大退休金计划	工资条必见的扣款项	CPP contributions are deducted from every paycheque.
MONEY	社保福利	Social Insurance Number (SIN)	n.	社会保险号	在加拿大工作的必备号码	You need a SIN before you can start work.
MONEY	社保福利	Canada Child Benefit	n.	儿童福利金（俗称牛奶金）	加拿大家庭高频	The Canada Child Benefit is paid monthly.
MONEY	社保福利	subsidy	n.	补贴	托儿与住房补贴语境	Low-income families may qualify for a childcare subsidy.
TRAVEL	公共交通	public transit	n.	公共交通	北美说 transit，不说 public transport	The city is expanding public transit.
TRAVEL	公共交通	fare	n.	车票费用	不说 ticket price	Transit fares will increase in January.
TRAVEL	公共交通	monthly pass	n.	月票	通勤高频	A monthly pass costs $156.
TRAVEL	公共交通	transfer	n./v.	换乘/换乘票	北美公交特有概念	Ask the driver for a transfer.
TRAVEL	公共交通	route	n.	线路	bus route / delivery route	The bus route was changed last month.
TRAVEL	公共交通	delay / be delayed	n./v.	延误	通知与投诉高频	Service is delayed due to weather.
TRAVEL	公共交通	rush hour	n.	高峰期	不说 peak time（英式）	Avoid driving during rush hour.
TRAVEL	公共交通	detour	n.	绕行	施工通告高频	A detour is in place while the bridge is repaired.
TRAVEL	公共交通	accessible	adj.	无障碍的	加拿大公共设施法定用词	All stations are wheelchair accessible.
TRAVEL	驾车	driver's licence	n.	驾照	加拿大拼 licence 名词，license 动词	You need a valid driver's licence to rent a car.
TRAVEL	驾车	insurance	n.	保险	驾车必备，不可数	Proof of insurance must be kept in the vehicle.
TRAVEL	驾车	parking ticket	n.	违停罚单	与 parking spot 区分	I got a parking ticket downtown.
TRAVEL	驾车	speeding	n.	超速	交通违规	He was fined for speeding.
TRAVEL	驾车	winter tires	n.	冬季轮胎	加拿大魁北克法定要求，特色词	Winter tires are mandatory in Quebec from December.
TRAVEL	驾车	carpool / rideshare	n./v.	拼车	环保与通勤议题	Several colleagues carpool to work.
TRAVEL	驾车	traffic congestion	n.	交通拥堵	议论文高分词	Traffic congestion costs the economy billions.
TRAVEL	出行	book / reserve	v.	预订	book 英式常用，reserve 通用	I have booked a table for eight.
TRAVEL	出行	confirmation number	n.	确认号	预订邮件必备信息	Please quote your confirmation number.
TRAVEL	出行	itinerary	n.	行程安排	拼写易错	I have attached the full itinerary.
TRAVEL	出行	accommodation	n.	住宿	英式不可数，北美常用复数 accommodations	Accommodation will be arranged for out-of-town guests.
TRAVEL	出行	check in / check out	pv	入住/退房	也用于机场值机	Check-in begins at three o'clock.
TRAVEL	出行	boarding pass	n.	登机牌	机场场景	You can download your boarding pass in the app.
TRAVEL	出行	carry-on / checked baggage	n.	随身行李/托运行李	机场高频	Only one carry-on bag is permitted.
TRAVEL	出行	customs	n.	海关	永远复数	You must declare food items at customs.
TRAVEL	出行	cancellation policy	n.	取消政策	预订纠纷核心	Their cancellation policy requires 48 hours' notice.
TRAVEL	出行	refundable / non-refundable	adj.	可退/不可退的	预订投诉高频	The deposit is non-refundable.
EDU	学制	school board	n.	教育局	加拿大特有的地区教育管理机构	The school board announced a snow day.
EDU	学制	tuition	n.	学费	不可数，不加 s	Tuition has increased by four percent.
EDU	学制	enrol / enrolment	v./n.	注册/入学人数	加拿大拼 enrol 单 l	Enrolment in the program has doubled.
EDU	学制	semester / term	n.	学期	北美通用	The course runs over two semesters.
EDU	学制	credential evaluation	n.	学历认证	加拿大移民与就业必经流程	Your degree requires a credential evaluation.
EDU	学制	transcript	n.	成绩单	申请必备文件	Please send an official transcript.
EDU	学制	prerequisite	n.	先修课程	选课高频	Statistics is a prerequisite for this course.
EDU	学制	assignment	n.	作业/任务	PTE 邮件题考过找教授延期	The assignment is due next Monday.
EDU	学制	extension	n.	延期	request an extension 固定搭配	Could I request a short extension on the deadline?
EDU	学制	scholarship / bursary	n.	奖学金/助学金	bursary 按需发放，加拿大常用	She received a bursary based on financial need.
EDU	培训	workshop	n.	工作坊	社区与职场培训高频	The library runs a free résumé workshop.
EDU	培训	certification	n.	资格认证	职业准入	Forklift certification is required for this role.
EDU	培训	apprenticeship	n.	学徒制	加拿大技工路径核心词	He completed a four-year apprenticeship as an electrician.
EDU	培训	continuing education	n.	继续教育	成人学习高频	Continuing education courses run in the evenings.
EDU	培训	settlement services	n.	新移民安置服务	加拿大特有，免费语言与就业支持	Settlement services help newcomers find work.
EDU	培训	LINC classes	n.	新移民语言培训班	加拿大特有免费英语课程	She attends LINC classes twice a week.
SERVICE	客服沟通	customer service	n.	客户服务	PTE Core 邮件题核心场景	I contacted customer service about the order.
SERVICE	客服沟通	inquiry / enquiry	n.	咨询	北美 inquiry，英式 enquiry，都接受	Thank you for your inquiry.
SERVICE	客服沟通	order number	n.	订单号	投诉邮件必须给出的细节	My order number is 48219.
SERVICE	客服沟通	place an order	chunk	下单	动词固定用 place	I placed the order on 3 March.
SERVICE	客服沟通	process	v.	处理	订单与申请通用	Your request is being processed.
SERVICE	客服沟通	dispatch / ship	v.	发货	物流环节	The item was dispatched on Tuesday.
SERVICE	客服沟通	delivery / shipment	n.	配送/发货批次	投诉高频	The delivery arrived a week late.
SERVICE	客服沟通	tracking number	n.	物流单号	客服问答高频	Could you provide a tracking number?
SERVICE	客服沟通	in stock / out of stock	phr	有货/缺货	零售必备	The item is currently out of stock.
SERVICE	客服沟通	backorder	n.	缺货待发	北美零售术语	The product is on backorder until June.
SERVICE	客服沟通	defective / damaged	adj.	有缺陷的/损坏的	投诉邮件描述问题	The unit arrived damaged.
SERVICE	客服沟通	replacement	n.	替换品	与 refund 并列的解决方案	We will send a replacement free of charge.
SERVICE	客服沟通	free of charge	phr	免费	比 for free 正式	Repairs are carried out free of charge.
SERVICE	客服沟通	look into	pv	调查了解	客服承诺万能动词	I will look into this and get back to you.
SERVICE	客服沟通	escalate	v.	上报升级	投诉流程词	I would like to escalate this complaint.
SERVICE	客服沟通	resolve an issue	chunk	解决问题	固定搭配	We aim to resolve all issues within 48 hours.
SERVICE	客服沟通	goodwill gesture	n.	善意补偿	客服道歉邮件高分表达	As a goodwill gesture, we have added a $20 credit.
SERVICE	客服沟通	feedback form / survey	n.	反馈表/问卷	服务闭环	Please complete our short feedback survey.
CIVIC	政府服务	Service Canada	n.	加拿大服务部	办 SIN、EI 的联邦机构，听力常提	You can apply in person at a Service Canada centre.
CIVIC	政府服务	municipality / city hall	n.	市政府/市政厅	地方政府	The municipality provides snow removal.
CIVIC	政府服务	province / provincial	n./adj.	省/省级的	加拿大三级政府核心概念	Health care is a provincial responsibility.
CIVIC	政府服务	federal	adj.	联邦的	与 provincial 对照	Immigration is a federal matter.
CIVIC	政府服务	application form	n.	申请表	办事高频	Complete the application form and submit it online.
CIVIC	政府服务	proof of address	n.	地址证明	办事所需文件	Bring proof of address and photo identification.
CIVIC	政府服务	photo identification / photo ID	n.	带照片的身份证件	北美办事标准说法	You must present valid photo ID.
CIVIC	政府服务	eligibility / be eligible for	n./phr	资格/符合……资格	移民与福利核心词	You may be eligible for a rebate.
CIVIC	政府服务	processing time	n.	办理时长	移民语境超高频	Processing times are currently 12 weeks.
CIVIC	政府服务	renew	v.	续期	证件与租约通用	I need to renew my permit before it expires.
CIVIC	政府服务	expire / expiry date	v./n.	到期/到期日	加拿大用 expiry，美式 expiration	Check the expiry date on your card.
CIVIC	移民身份	permanent resident (PR)	n.	永久居民	移民核心身份	She became a permanent resident last year.
CIVIC	移民身份	citizenship	n.	公民身份	入籍语境	You can apply for citizenship after three years.
CIVIC	移民身份	work permit	n.	工作许可	临时身份	His work permit is valid for two years.
CIVIC	移民身份	newcomer	n.	新移民	加拿大官方用语，比 immigrant 中性友好	The centre offers programs for newcomers.
CIVIC	移民身份	sponsor	v./n.	担保	家庭团聚移民	He sponsored his parents for permanent residence.
CIVIC	社会议题	multiculturalism	n.	多元文化主义	加拿大国策，议论题高频	Multiculturalism is often described as a Canadian value.
CIVIC	社会议题	inclusion / inclusive	n./adj.	包容/包容的	加拿大公共话语核心词	The policy aims to create an inclusive workplace.
CIVIC	社会议题	Indigenous peoples	n.	原住民	加拿大必须掌握的正确表述，首字母大写	The land acknowledgement recognises Indigenous peoples.
CIVIC	社会议题	volunteer	n./v.	志愿者/做志愿	加拿大社区生活与简历高频	I volunteer at the food bank on weekends.
CIVIC	社会议题	food bank	n.	食物银行	加拿大社区互助机构	Donations to the food bank rise in winter.
CIVIC	社会议题	charity / fundraiser	n.	慈善机构/募捐活动	社区活动邮件题高频	The school is holding a fundraiser next month.
CIVIC	社会议题	homelessness	n.	无家可归问题	城市议题	The city has expanded shelters to address homelessness.
CIVIC	社会议题	affordability crisis	n.	可负担性危机	加拿大当前头号议题	The housing affordability crisis dominates the debate.
TECH	数字生活	log in / log out	pv	登录/登出	名词写作 login 一个词	I cannot log in to my account.
TECH	数字生活	reset a password	chunk	重置密码	客服场景高频	Click the link to reset your password.
TECH	数字生活	glitch	n.	小故障	口语化技术问题	A glitch in the system delayed the payments.
TECH	数字生活	crash	v./n.	崩溃	设备与软件	The application keeps crashing.
TECH	数字生活	back up	pv	备份；支持（某人说法）	名词写作 backup 一个词；另一义是为某人的说法作证	Remember to back up your files. / My colleague backed up my version of events.
TECH	数字生活	upgrade	v./n.	升级	与 update 区分：upgrade 换更好的	We upgraded to the latest version.
TECH	数字生活	subscription	n.	订阅	消费投诉高频	I would like to cancel my subscription.
TECH	数字生活	troubleshoot	v.	排查故障	客服与 IT 用词	The technician helped me troubleshoot the issue.
TECH	数字生活	user-friendly	adj.	易用的	评价产品高分词	The new interface is far more user-friendly.
TECH	数字生活	privacy / data breach	n.	隐私/数据泄露	社会议题	The company reported a data breach.
TECH	数字生活	scam / phishing	n.	诈骗/钓鱼邮件	加拿大公共提醒高频	Be alert to phishing emails asking for your SIN.
TECH	数字生活	artificial intelligence (AI)	n.	人工智能	议论题热点	AI is reshaping many industries.
TECH	数字生活	automation	n.	自动化	就业议题	Automation has reduced the need for manual tasks.
TECH	数字生活	screen time	n.	屏幕使用时间	健康议题热词	Parents are concerned about children's screen time.
TECH	数字生活	social media	n.	社交媒体	集合名词，动词可单可复	Social media has changed how news spreads.
TECH	数字生活	misinformation	n.	错误信息	媒体议题高分词	Misinformation spreads quickly online.
TECH	数字生活	streaming	n.	流媒体	娱乐消费	Streaming services have replaced cable TV.
ENV	环境议题	climate change	n.	气候变化	议论题第一热点	Climate change is affecting winter sports.
ENV	环境议题	carbon footprint	n.	碳足迹	个人行动角度	Cycling to work reduces your carbon footprint.
ENV	环境议题	emissions	n.	排放	常复数	The plan aims to cut emissions by half.
ENV	环境议题	renewable energy	n.	可再生能源	solar, wind, hydro	Canada generates much of its power from renewable energy.
ENV	环境议题	sustainable / sustainability	adj./n.	可持续的/可持续性	高分抽象名词	The company has a sustainability policy.
ENV	环境议题	single-use plastic	n.	一次性塑料	加拿大已立法禁用，时事热点	Single-use plastics have been banned nationwide.
ENV	环境议题	landfill	n.	垃圾填埋场	废弃物议题	Composting keeps waste out of landfills.
ENV	环境议题	conservation	n.	保护/节约	自然与能源双用	Water conservation measures apply in summer.
ENV	环境议题	wildfire	n.	野火	加拿大近年重大议题	Wildfire smoke affected air quality across the province.
ENV	环境议题	extreme weather	n.	极端天气	气候议题	Extreme weather events have become more frequent.
ENV	环境议题	initiative	n.	倡议/举措	社区与公司项目通用	The city launched a tree-planting initiative.
ENV	环境议题	raise awareness	chunk	提高意识	公益活动固定搭配	The campaign aims to raise awareness of recycling.
ENV	环境议题	take part in	pv	参加	与 participate in 轮换	Hundreds took part in the cleanup.
ENV	环境议题	make a difference	idm	带来改变	公益类结尾高分句	Small changes can make a real difference.
PHRV	职场高频	carry out	pv	执行/实施	carry out a survey / an inspection	The inspection was carried out last week.
PHRV	职场高频	set up	pv	建立/安排	set up a meeting / an account	I will set up a meeting for Thursday.
PHRV	职场高频	take over	pv	接管	接手职责	She took over the role in April.
PHRV	职场高频	hand over	pv	移交	交接工作	Please hand over the files before you leave.
PHRV	职场高频	sort out	pv	解决/理顺	英式口语，加拿大也常用	We need to sort out the scheduling problem.
PHRV	职场高频	figure out	pv	弄明白	北美口语	I cannot figure out what went wrong.
PHRV	职场高频	work out	pv	解决/结果是	一词多义：还有健身义	Things worked out better than expected.
PHRV	职场高频	come up with	pv	想出	come up with an idea / a solution	The team came up with three options.
PHRV	职场高频	put together	pv	整理汇编	put together a report / a proposal	I have put together a short summary.
PHRV	职场高频	go over	pv	仔细检查	go over the figures	Let us go over the budget together.
PHRV	职场高频	run through	pv	快速过一遍	会议用语	I will run through the agenda briefly.
PHRV	职场高频	bring up	pv	提出（话题）	会议场景	He brought up the issue of parking.
PHRV	职场高频	turn down	pv	拒绝	turn down an offer / a request	They turned down my request for leave.
PHRV	职场高频	call off	pv	取消	call off a meeting / an event	The event was called off due to the storm.
PHRV	职场高频	put off	pv	推迟	后接 V-ing	Do not put off filing your taxes.
PHRV	职场高频	catch up on	pv	赶进度/补上	catch up on emails / work	I need to catch up on my emails.
PHRV	职场高频	keep up with	pv	跟上	跟上进度或变化	It is hard to keep up with the changes.
PHRV	职场高频	fill out / fill in	pv	填写（表格）	北美 fill out，英式 fill in	Please fill out the form and return it.
PHRV	职场高频	drop off / pick up	pv	送下/接走	送取物品或人	I will drop off the documents tomorrow.
PHRV	职场高频	look after	pv	照看	照顾人或事	Could you look after the desk for an hour?
PHRV	职场高频	deal with	pv	处理应对	万能动词	We are dealing with a high volume of calls.
PHRV	职场高频	get in touch with	pv	联系	与 contact 同义，更口语	Please get in touch with the office.
PHRV	职场高频	reach out to	pv	主动联系	北美职场热词	I reached out to three suppliers.
PHRV	职场高频	sign up for	pv	报名参加	课程与活动	I signed up for the workshop.
PHRV	职场高频	drop out of	pv	退出/辍学	课程或活动	Two participants dropped out of the program.
PHRV	职场高频	take up	pv	占用/开始从事	take up space / take up a hobby	The meeting took up the whole morning.
PHRV	职场高频	cut back on	pv	削减	cut back on spending	The company cut back on travel expenses.
PHRV	职场高频	end up (with/V-ing)	pv	最终变成	叙述结果	We ended up rescheduling the whole trip.
PHRV	职场高频	turn out	pv	结果证明	turn out to be	It turned out to be a simple fix.
PHRV	职场高频	break down	pv	出故障/分解	机器故障或数据拆分	The delivery van broke down on the highway.
PHRV	职场高频	run out of	pv	用完	run out of time / supplies	We ran out of printer paper.
PHRV	职场高频	put up with	pv	忍受	三词短语动词，投诉语境	Residents have put up with the noise for months.
PHRV	职场高频	stand in for	pv	代替某人	与 fill in for 同义	Could you stand in for me at the meeting?
PHRV	职场高频	get by	pv	勉强应付	生活或语言能力	I can get by in French.
PHRV	职场高频	settle in	pv	安顿下来	新移民场景高频	It took a few months to settle in.
PHRV	职场高频	opt for / opt out	pv	选择/选择退出	opt out of a scheme	Many staff opted out of the plan.
PHRV	职场高频	rule out	pv	排除可能性	正式推理词	We cannot rule out further delays.
COLLOC	动词搭配	meet a deadline / a requirement	chunk	赶上期限/满足要求	动词固定用 meet，不用 reach	The team met the deadline comfortably.
COLLOC	动词搭配	raise a concern / an issue	chunk	提出关切/问题	投诉与会议双高频	Several residents raised concerns about safety.
COLLOC	动词搭配	address a problem	chunk	着手解决问题	address 作动词，正式高分	The city is addressing the parking problem.
COLLOC	动词搭配	make arrangements for	chunk	为……做安排	邮件高频，arrangements 用复数	I will make arrangements for the delivery.
COLLOC	动词搭配	take steps / take measures	chunk	采取措施	正式表达行动	We have taken steps to prevent a recurrence.
COLLOC	动词搭配	provide assistance	chunk	提供协助	比 help 正式	Staff are available to provide assistance.
COLLOC	动词搭配	reach an agreement	chunk	达成一致	谈判用语	We reached an agreement on the price.
COLLOC	动词搭配	place an emphasis on	chunk	强调	高分名词化结构	The policy places an emphasis on prevention.
COLLOC	动词搭配	play a key role in	chunk	在……中起关键作用	议论文万能句	Volunteers play a key role in the community.
COLLOC	动词搭配	pose a risk to	chunk	对……构成风险	正式搭配	Icy sidewalks pose a risk to pedestrians.
COLLOC	动词搭配	meet expectations / fall short of	chunk	达到/未达到预期	评价类对照	The product fell short of our expectations.
COLLOC	动词搭配	conduct a survey / an interview	chunk	开展调查/进行面试	conduct 是正式版 do	The company conducted a staff survey.
COLLOC	动词搭配	submit an application	chunk	提交申请	办事流程标准搭配	Applications must be submitted by Friday.
COLLOC	动词搭配	issue a refund / a permit	chunk	发放退款/许可	机构主语	The store issued a full refund.
COLLOC	动词搭配	bear in mind	chunk	记住/考虑到	正式提醒	Please bear in mind that spaces are limited.
COLLOC	动词搭配	keep someone informed	chunk	随时告知某人	邮件收尾高分	I will keep you informed of any changes.
COLLOC	动词搭配	attach great importance to	chunk	高度重视	正式高分结构	The company attaches great importance to safety.
COLLOC	动词搭配	have an impact on	chunk	对……有影响	介词是 on	The delay had a significant impact on the schedule.
COLLOC	形容词搭配	a significant increase	chunk	显著增长	Describe Image 必备	There was a significant increase in demand.
COLLOC	形容词搭配	a reasonable request	chunk	合理的要求	协商语境	I hope this is a reasonable request.
COLLOC	形容词搭配	a prompt response	chunk	及时回复	催促邮件	I would appreciate a prompt response.
COLLOC	形容词搭配	a minor / major issue	chunk	小问题/重大问题	分级描述	This is a minor issue that can be fixed quickly.
COLLOC	形容词搭配	an ongoing problem	chunk	持续存在的问题	投诉强调持续性	The leak is an ongoing problem.
COLLOC	形容词搭配	strict guidelines	chunk	严格的规定	制度语境	The kitchen follows strict hygiene guidelines.
COLLOC	形容词搭配	valuable experience	chunk	宝贵的经验	求职与评价，experience 不可数	The placement gave me valuable experience.
COLLOC	形容词搭配	a convenient time	chunk	方便的时间	约时间标准表达	Please suggest a convenient time to meet.
COLLOC	形容词搭配	widely available	chunk	普遍可得	议论文描述	Electric vehicles are now widely available.
COLLOC	形容词搭配	increasingly popular	chunk	越来越受欢迎	趋势描述高分	Cycling has become increasingly popular.
COLLOC	名词搭配	a wide range of	chunk	广泛多样的	万能量化短语	The centre offers a wide range of activities.
COLLOC	名词搭配	a growing number of	chunk	越来越多的	趋势句开头	A growing number of employees work remotely.
COLLOC	名词搭配	the vast majority of	chunk	绝大多数	比 most 高分	The vast majority of respondents agreed.
COLLOC	名词搭配	a lack of	chunk	缺乏	后接不可数或复数	There is a lack of affordable housing.
COLLOC	名词搭配	in the long run	idm	从长远看	议论文高分	In the long run, prevention is cheaper.
COLLOC	名词搭配	on a regular basis	chunk	定期地	比 regularly 正式	Inspections are carried out on a regular basis.
COLLOC	名词搭配	in light of	prep.	鉴于	正式引出原因	In light of the delay, we are offering a discount.
COLLOC	名词搭配	with regard to	prep.	关于	邮件正式引题	With regard to your question, the answer is yes.
COLLOC	名词搭配	as a result of	prep.	由于	因果连接	Services were cancelled as a result of the storm.
COLLOC	名词搭配	in the event of	prep.	如果发生	通知类固定搭配	In the event of a fire, use the stairs.
COLLOC	名词搭配	to the best of my knowledge	chunk	据我所知	谨慎表述	To the best of my knowledge, the form was sent.
COLLOC	名词搭配	at short notice	chunk	临时通知	抱歉或感谢语境	Thank you for covering at short notice.
DICT	拼写易错	accommodation	n.	住宿	双 c 双 m，WfD 最经典陷阱词	Student accommodation is limited this year.
DICT	拼写易错	recommend	v.	推荐	双 m 单 c，与 accommodation 反着记	I would recommend booking early.
DICT	拼写易错	necessary	adj.	必要的	单 c 双 s，口诀 one collar two sleeves	It is necessary to register in advance.
DICT	拼写易错	separate	adj./v.	分开的	中间是 a 不是 e，par 不是 per	Please submit separate applications.
DICT	拼写易错	definitely	adv.	确实	中间是 finite，没有 a	The deadline has definitely been extended.
DICT	拼写易错	occurred / occurrence	v./n.	发生	双 c 双 r	The error occurred during processing.
DICT	拼写易错	committee	n.	委员会	双 m 双 t 双 e	The committee meets on Wednesdays.
DICT	拼写易错	equipment	n.	设备	不可数，绝不加 s	The laboratory equipment was replaced.
DICT	拼写易错	environment	n.	环境	中间的 n 容易漏掉	The department studies the environment.
DICT	拼写易错	government	n.	政府	中间的 n 容易漏掉	The government announced new funding.
DICT	拼写易错	maintenance	n.	维护	动词 maintain 但名词是 mainten-	Routine maintenance is scheduled for Sunday.
DICT	拼写易错	schedule	n./v.	日程/安排	北美读 sked-，英式读 shed-，拼法相同	The schedule has been revised.
DICT	拼写易错	questionnaire	n.	问卷	双 n，结尾 -aire	Please complete the questionnaire online.
DICT	拼写易错	bureaucracy	n.	官僚机构	bureau + cracy	Students complain about university bureaucracy.
DICT	拼写易错	curriculum	n.	课程体系	复数 curricula	The curriculum is reviewed annually.
DICT	拼写易错	assessment	n.	评估	双 s 两次	The assessment takes about an hour.
DICT	拼写易错	professor	n.	教授	单 f 双 s	The professor postponed the lecture.
DICT	拼写易错	laboratory	n.	实验室	北美常缩读 lab，全拼有 o-r-a	The laboratory is on the second floor.
DICT	拼写易错	library / librarian	n.	图书馆/图书管理员	两个 r，常被漏成 libary	The librarian will help you locate the article.
DICT	拼写易错	February	n.	二月	第一个 r 容易漏	The semester begins in February.
DICT	拼写易错	Wednesday	n.	星期三	中间的 d 不发音但要写	The seminar is held every Wednesday.
DICT	拼写易错	receive / receipt	v./n.	收到/收据	i 在 e 前除非跟在 c 后	Please keep the receipt.
DICT	拼写易错	achieve	v.	实现	ie 顺序，与 receive 相反	Students achieve better results with feedback.
DICT	拼写易错	independent	adj.	独立的	结尾 -ent 不是 -ant	The study was conducted by an independent body.
DICT	拼写易错	significant	adj.	显著的	结尾 -ant	There was a significant improvement.
DICT	拼写易错	available	adj.	可获得的	双写易错：avail + able	Additional copies are available at the desk.
DICT	拼写易错	responsible / responsibility	adj./n.	负责的/责任	-ible 不是 -able	Each department is responsible for its budget.
DICT	拼写易错	opportunity	n.	机会	双 p，单 t 在中间	This is a good opportunity to practise.
DICT	拼写易错	immediately	adv.	立即	双 m，结尾 -ately	Report any faults immediately.
DICT	拼写易错	approximately	adv.	大约	双 p，WfD 数字句高频	The trip takes approximately two hours.
DICT	拼写易错	particularly	adv.	尤其	四个音节都要拼出来	The topic is particularly relevant.
DICT	拼写易错	although / through / thorough	conj./prep./adj.	尽管/穿过/彻底的	三个词拼写极近，听力必须分辨	A thorough review was carried out.
DICT	拼写易错	conscious / conscientious	adj.	有意识的/尽责的	长词，慢速听写务必写全	She is a conscientious employee.
DICT	拼写易错	colleague	n.	同事	结尾 -eague	My colleague will cover the shift.
DICT	拼写易错	register / registration	v./n.	注册	WfD 校园句高频	Registration closes at the end of the month.
DICT	拼写易错	attendance	n.	出勤率	结尾 -ance 不是 -ence	Attendance has improved this term.
DICT	拼写易错	appointment	n.	预约	双 p	Your appointment is confirmed for Monday.
DICT	拼写易错	guarantee	n./v.	保证	gua- 开头，双 e 结尾	The warranty guarantees free repairs.
DICT	拼写易错	purchase	n./v.	购买	-chase 结尾	Keep proof of purchase.
DICT	拼写易错	temperature	n.	温度	中间的 era 容易漏	The temperature dropped overnight.
SPELL	加拿大拼写	colour / favour / behaviour	n.	颜色/偏好/行为	加拿大随英式保留 -our，全篇必须统一	The behaviour policy was updated.
SPELL	加拿大拼写	centre / theatre / metre	n.	中心/剧院/米	加拿大用 -re 结尾	Meet me at the community centre.
SPELL	加拿大拼写	licence (n.) / license (v.)	n./v.	执照/发执照	加拿大名词 -ce，动词 -se	You need a driver's licence.
SPELL	加拿大拼写	practice (n.) / practise (v.)	n./v.	练习	同上规则，与 licence 一套	I practise speaking every day.
SPELL	加拿大拼写	cheque	n.	支票	金融用 cheque，核对用 check	I deposited the cheque yesterday.
SPELL	加拿大拼写	enrol / enrolment	v./n.	注册	加拿大单 l，美式 enroll	Enrolment closes on Friday.
SPELL	加拿大拼写	travelled / cancelled / labelled	v.	旅行过/取消了/标注了	加拿大双 l，美式单 l	The flight was cancelled.
SPELL	加拿大拼写	organise / organize	v.	组织	加拿大 -ize 更常见，两者都接受但需统一	We organized a fundraiser.
SPELL	加拿大拼写	defence / offence	n.	防御/冒犯	加拿大 -ce，美式 -se	No offence was intended.
SPELL	加拿大拼写	grey	adj.	灰色	加拿大用 grey，美式 gray	The walls were painted grey.
CONFUSE	易混词	affect (v.) / effect (n.)	v./n.	影响（动）/影响（名）	绝大多数情况这样分；effect 作动词意为实现	The delay affected the schedule. / The effect was immediate.
CONFUSE	易混词	advice (n.) / advise (v.)	n./v.	建议	c 是名词，s 是动词，发音也不同	Thank you for your advice. / Please advise us.
CONFUSE	易混词	principal / principle	adj.,n./n.	主要的、校长/原则	principal 是人或主要的，principle 是原则	The principal reason is cost.
CONFUSE	易混词	complement / compliment	v./n.	补充/称赞	e 是补充，i 是赞美	She complimented him on the report.
CONFUSE	易混词	assure / ensure / insure	v.	使放心/确保/投保	assure 对人，ensure 对事，insure 保险	Please ensure the door is locked.
CONFUSE	易混词	lose / loose	v./adj.	丢失/松的	单 o 是动词，双 o 是形容词	Do not lose your receipt.
CONFUSE	易混词	its / it's	det./contraction	它的/它是	it's 只等于 it is 或 it has	The company raised its rates.
CONFUSE	易混词	then / than	adv./conj.	然后/比	than 用于比较，中国考生高频错点	This option is cheaper than the other.
CONFUSE	易混词	economic / economical	adj.	经济的/节省的	economic 指经济领域，economical 指省钱	Cycling is an economical option.
CONFUSE	易混词	historic / historical	adj.	有历史意义的/历史上的	historic 重要，historical 属于历史	The building is a historic landmark.
CONFUSE	易混词	sensitive / sensible	adj.	敏感的/明智的	sensible 是明智，不是敏感	That is a sensible suggestion.
CONFUSE	易混词	efficient / effective	adj.	高效的/有效的	efficient 省资源，effective 达目的	The new process is more efficient.
CONFUSE	易混词	raise / rise	v.	提高（及物）/上升（不及物）	raise 后必须带宾语	Prices rose. / They raised prices.
CONFUSE	易混词	lay / lie	v.	放置（及物）/躺（不及物）	过去式 laid / lay，极易混	He laid the documents on the desk.
CONFUSE	易混词	borrow / lend	v.	借入/借出	borrow from，lend to	Could I borrow your charger?
CONFUSE	易混词	bring / take	v.	带来/带走	以说话人位置为准	Please bring your ID to the appointment.
CONFUSE	易混词	few / a few / little / a little	det.	几乎没有/一些	few 和 little 带否定含义	There are a few seats left.
CONFUSE	易混词	amount / number	n.	数量（不可数）/数量（可数）	the number of staff，the amount of time	A large number of residents attended.
CONFUSE	易混词	fewer / less	adj.	更少（可数）/更少（不可数）	fewer people，less time	Fewer people attended this year.
CONFUSE	易混词	among / between	prep.	在……之中/在两者之间	between 用于两个或明确各方	The cost is shared among all tenants.
ASQ	职业人物	plumber	n.	水管工	ASQ 问法：who fixes pipes and taps	Q: Who do you call to fix a leaking pipe? A: A plumber.
ASQ	职业人物	electrician	n.	电工	问法：who works with wiring	Q: Who installs electrical wiring? A: An electrician.
ASQ	职业人物	mechanic	n.	汽车修理工	问法：who repairs cars	Q: Who repairs cars? A: A mechanic.
ASQ	职业人物	pharmacist	n.	药剂师	问法：who dispenses medicine	Q: Who gives you medicine at a drugstore? A: A pharmacist.
ASQ	职业人物	dentist	n.	牙医	问法：who treats teeth	Q: Who treats problems with your teeth? A: A dentist.
ASQ	职业人物	veterinarian / vet	n.	兽医	问法：who treats animals	Q: Who treats sick animals? A: A vet.
ASQ	职业人物	architect	n.	建筑师	问法：who designs buildings	Q: Who designs buildings? A: An architect.
ASQ	职业人物	accountant	n.	会计	问法：who prepares financial records	Q: Who prepares a company's accounts? A: An accountant.
ASQ	职业人物	receptionist	n.	前台接待	问法：who greets visitors at an office	Q: Who greets visitors in an office lobby? A: A receptionist.
ASQ	职业人物	librarian	n.	图书管理员	问法：who works in a library	Q: Who helps you find a book in a library? A: A librarian.
ASQ	职业人物	tenant / landlord	n.	租客/房东	问法：who pays rent / who owns the property	Q: Who pays rent to live in a property? A: The tenant.
ASQ	职业人物	customer / client	n.	顾客/客户	问法：who buys goods or services	Q: What do you call someone who buys goods? A: A customer.
ASQ	职业人物	colleague	n.	同事	问法：who you work with	Q: What do you call a person you work with? A: A colleague.
ASQ	场所	pharmacy / drugstore	n.	药房	问法：where you buy medicine	Q: Where do you buy prescription medicine? A: At a pharmacy.
ASQ	场所	post office	n.	邮局	问法：where you send parcels	Q: Where do you go to mail a parcel? A: The post office.
ASQ	场所	bakery	n.	面包店	问法：where bread is sold	Q: Where would you buy fresh bread? A: A bakery.
ASQ	场所	stationery shop	n.	文具店	问法：where you buy pens and paper	Q: Where do you buy pens and notebooks? A: A stationery shop.
ASQ	场所	greenhouse	n.	温室	问法：glass building for growing plants	Q: What is a glass building for growing plants called? A: A greenhouse.
ASQ	场所	warehouse	n.	仓库	问法：where goods are stored	Q: Where are goods stored before delivery? A: In a warehouse.
ASQ	场所	reception / lobby	n.	接待处/大堂	问法：first area you enter in a hotel	Q: Where do you check in at a hotel? A: At reception.
ASQ	场所	platform	n.	站台	问法：where you wait for a train	Q: Where do you wait for a train? A: On the platform.
ASQ	场所	intersection	n.	十字路口	问法：where two roads cross	Q: What do you call a place where two roads cross? A: An intersection.
ASQ	物品工具	thermometer	n.	温度计	问法：instrument that measures temperature	Q: What instrument measures temperature? A: A thermometer.
ASQ	物品工具	scales	n.	秤	问法：instrument that measures weight	Q: What do you use to measure weight? A: Scales.
ASQ	物品工具	compass	n.	指南针	问法：shows direction	Q: What device shows you which way is north? A: A compass.
ASQ	物品工具	calendar	n.	日历	问法：shows days and months	Q: What shows the days and months of the year? A: A calendar.
ASQ	物品工具	receipt	n.	收据	问法：proof of purchase	Q: What proves that you paid for something? A: A receipt.
ASQ	物品工具	invoice	n.	账单	问法：request for payment	Q: What document asks a customer to pay? A: An invoice.
ASQ	物品工具	ladder	n.	梯子	问法：used to reach high places	Q: What do you use to reach a high shelf? A: A ladder.
ASQ	物品工具	umbrella	n.	雨伞	问法：protects from rain	Q: What do you carry to stay dry in the rain? A: An umbrella.
ASQ	物品工具	microscope	n.	显微镜	问法：magnifies tiny objects	Q: What instrument is used to see very small things? A: A microscope.
ASQ	时间数量	decade / century	n.	十年/一个世纪	问法：how many years	Q: How many years are there in a decade? A: Ten.
ASQ	时间数量	dozen	n.	一打（十二个）	问法：how many in a dozen	Q: How many items are in a dozen? A: Twelve.
ASQ	时间数量	quarter	n.	四分之一/一个季度	问法：three months	Q: How many months are in a quarter? A: Three.
ASQ	时间数量	fortnight	n.	两周	英式说法，加拿大少用但可能出现	Q: How many days are in a fortnight? A: Fourteen.
ASQ	时间数量	deadline	n.	截止日期	问法：last date to submit	Q: What do you call the final date to submit work? A: A deadline.
ASQ	身体健康	prescription	n.	处方	问法：what a doctor writes for medicine	Q: What does a doctor write so you can get medicine? A: A prescription.
ASQ	身体健康	appointment	n.	预约	问法：arranged time to see someone	Q: What do you call an arranged time to see a doctor? A: An appointment.
ASQ	身体健康	bandage	n.	绷带	问法：covers a wound	Q: What do you put on a cut to protect it? A: A bandage.
ASQ	身体健康	ankle / wrist / elbow	n.	脚踝/手腕/手肘	关节名称，ASQ 常考身体部位	Q: What joint connects your foot to your leg? A: The ankle.
PHRV	职场高频	go through	pv	经历/仔细审阅	go through a process / the documents	We went through a difficult period last year.
PHRV	职场高频	hold off	pv	推迟/暂缓	hold off on a decision	Let us hold off on ordering until next week.
PHRV	职场高频	weigh up	pv	权衡	weigh up the pros and cons	We need to weigh up the costs and benefits.
