section	theme	fr	pos	en	zh	note	exemple
ARGU	引述文本	dénonce	v.	denounces / criticises	抨击	带批判色彩的转述	Le second auteur dénonce le manque de moyens.
ARGU	让步转折	Toutefois / Néanmoins	adv.	However / Nevertheless	然而/尽管如此	正式转折，胜过 mais	Néanmoins, certains risques subsistent.
ARGU	让步转折	Or	conj.	Now / Yet	然而（引出转折事实）	书面高分连词	Or, les chiffres montrent le contraire.
ARGU	因果结果	entraîner / provoquer	v.	to lead to / to cause	导致	因果动词，比 causer 高级	Cette décision a entraîné de nombreuses protestations.
EE	Tâche1-落款	Cordialement	expr.	Kind regards	此致	半正式最安全落款	Cordialement, Jian Zhou
EE	Tâche2-叙事	Finalement	adv.	In the end	最终	叙事收束	Finalement, tout s'est bien passé.
CANADA	加法差异	le courriel	n.m.	email	电子邮件	魁北克坚持用 courriel，法国说 e-mail/mail	Je vous enverrai les documents par courriel.
CANADA	加法差异	le stationnement	n.m.	parking	停车场/停车位	魁北克不说 parking，这是高频听力词	Le stationnement est gratuit le soir.
CANADA	加法差异	magasiner / le magasinage	v./n.m.	to shop / shopping	购物	魁北克说法，法国说 faire du shopping	Je vais magasiner cet après-midi.
CANADA	加法差异	le dépanneur	n.m.	convenience store	便利店	魁北克独有词，考试与生活双高频	Il y a un dépanneur au coin de la rue.
CANADA	加法差异	le déjeuner / le dîner / le souper	n.m.	breakfast / lunch / dinner	早餐/午餐/晚餐	魁北克三餐名称整体前移一位，与法国不同，极易混	On se retrouve pour le souper à 18 h.
CANADA	加法差异	le char	n.m.	car	车	魁北克口语，正式场合用 la voiture	Mon char est au garage.
CANADA	加法差异	la job	n.f.	job	工作	魁北克口语且是阴性，法国说 le boulot	J'ai trouvé une bonne job.
CANADA	加法差异	le breuvage	n.m.	beverage	饮料	魁北克用法，法国说 la boisson	Quel breuvage désirez-vous ?
CANADA	加法差异	la traverse / le traversier	n.f./n.m.	crossing / ferry	人行横道/渡轮	魁北克用 traversier，法国说 ferry	Nous prendrons le traversier pour Lévis.
CANADA	加法差异	le cellulaire	n.m.	cell phone	手机	魁北克说 cellulaire，法国说 portable	Éteignez votre cellulaire, s'il vous plaît.
CANADA	加法差异	la piastre / la piasse	n.f.	dollar (slang)	块钱	魁北克口语说钱	Ça m'a coûté trente piasses.
CANADA	加法差异	présentement	adv.	currently	目前	魁北克常用，法国多说 actuellement	Je suis présentement en formation.
CANADA	加法差异	bienvenue !	expr.	you are welcome	不客气	魁北克特有回应 merci，法国说 de rien	— Merci ! — Bienvenue !
CANADA	加法差异	Bonjour-hi	expr.	Hello (bilingual greeting)	蒙特利尔双语问候	蒙特利尔商店特有现象，社会议题	À Montréal, on entend souvent « Bonjour-hi ».
CANADA	机构	le CLSC	n.m.	local community health centre	社区健康服务中心	魁北克医疗体系入口，听力必考缩写	Je dois prendre rendez-vous au CLSC.
CANADA	机构	la RAMQ	n.f.	Quebec health insurance board	魁北克医保局	发放 carte soleil 医保卡	Ma carte de la RAMQ expire en mars.
CANADA	机构	le cégep	n.m.	pre-university/technical college	大学预科兼技术学院	魁北克独有学制，高中与大学之间两年	Ma fille commence le cégep en septembre.
CANADA	机构	la SAQ	n.f.	Quebec liquor board	魁北克酒类专卖局	买酒只能去 SAQ	On achète le vin à la SAQ.
CANADA	机构	la SAAQ	n.f.	Quebec auto insurance board	魁北克车辆保险局	办驾照和车牌	Il faut renouveler le permis à la SAAQ.
CANADA	机构	la garderie / le CPE	n.f./n.m.	daycare / early childhood centre	托儿所	魁北克补贴托儿是重要社会议题	Les places en garderie sont très demandées.
CANADA	机构	la municipalité / la ville	n.f.	municipality / city	市政府	三级政府之一	La municipalité s'occupe du déneigement.
CANADA	移民身份	le parrainage	n.m.	sponsorship	担保移民	家庭团聚	Elle a déposé une demande de parrainage pour ses parents.
CANADA	移民身份	l'intégration	n.f.	integration	融入	社会议题高频	L'intégration des nouveaux arrivants passe par la langue.
CANADA	移民身份	la francisation	n.f.	French-language training	法语培训（政府免费）	魁北克独有项目名，听力高频	Je suis des cours de francisation le soir.
CANADA	社会福利	le NAS (numéro d'assurance sociale)	n.m.	Social Insurance Number	社会保险号	工作必备，听力会念全称	Vous devez fournir votre NAS à l'employeur.
CANADA	社会福利	l'assurance-emploi	n.f.	Employment Insurance	就业保险	失业与产假津贴	Il touche l'assurance-emploi depuis deux mois.
CANADA	社会福利	le REER / le CELI	n.m.	RRSP / TFSA	注册退休储蓄计划/免税储蓄账户	加拿大理财必备缩写	Je cotise à mon REER chaque année.
CANADA	冬季生活	le déneigement	n.m.	snow removal	除雪	加拿大冬季核心词，市政服务	Le déneigement des trottoirs relève de la ville.
CANADA	冬季生活	la poudrerie	n.f.	blowing snow	吹雪	魁北克气象词，天气预报常见	La poudrerie réduit la visibilité sur l'autoroute.
CANADA	冬季生活	le verglas	n.m.	freezing rain / black ice	冻雨/地面结冰	加拿大冬季危险天气	Attention au verglas ce matin.
CANADA	冬季生活	la tuque / les mitaines	n.f.	toque / mittens	毛线帽/连指手套	魁北克特有说法	N'oublie pas ta tuque, il fait froid !
CANADA	冬季生活	la canicule	n.f.	heat wave	酷暑	夏季对应词	Une canicule est annoncée pour la semaine prochaine.
CANADA	文化生活	la poutine	n.f.	poutine	肉汁奶酪薯条	魁北克国菜	La poutine est un plat emblématique du Québec.
CANADA	文化生活	le pourboire	n.m.	tip	小费	北美必须给，通常 15 到 20 个百分点	Le pourboire n'est pas inclus dans l'addition.
CANADA	文化生活	le bilinguisme	n.m.	bilingualism	双语制	加拿大国策，议论题高频	Le bilinguisme est inscrit dans la Constitution canadienne.
CANADA	文化生活	l'interculturalisme / le multiculturalisme	n.m.	interculturalism / multiculturalism	跨文化主义/多元文化主义	魁北克用前者，联邦用后者，区别是考点	Le Québec défend un modèle d'interculturalisme.
TRAVAIL	求职	les compétences	n.f.pl.	skills	技能	永远复数	Mes compétences correspondent au profil recherché.
TRAVAIL	求职	embaucher / recruter	v.	to hire / to recruit	雇佣/招聘	与 licencier 相对	L'entreprise a embauché vingt personnes.
TRAVAIL	雇佣条款	le préavis	n.m.	notice period	离职通知期	辞职流程	Je dois donner un préavis de deux semaines.
TRAVAIL	日常职场	le collègue / la collègue	n.	colleague	同事	阴阳同形	Ma collègue m'a remplacé hier.
TRAVAIL	日常职场	la réunion	n.f.	meeting	会议	assister à / reporter une réunion	La réunion a été reportée à jeudi.
TRAVAIL	日常职场	le télétravail	n.m.	remote work	远程办公	TCF 议论题头号热点	Le télétravail s'est généralisé depuis 2020.
TRAVAIL	职场问题	démissionner	v.	to resign	辞职	主动离职	Elle a démissionné après cinq ans.
TRAVAIL	职场问题	le chômage	n.f.	unemployment	失业	être au chômage	Le taux de chômage a baissé.
TRAVAIL	职场问题	le harcèlement	n.m.	harassment	骚扰	职场法规高频	L'entreprise a une politique contre le harcèlement.
TRAVAIL	职场问题	le syndicat	n.m.	union	工会	加拿大工会力量强	Les employés sont représentés par un syndicat.
LOGEMENT	租房	le logement	n.m.	housing / accommodation	住房	万能词，社会议题核心	La crise du logement touche toutes les grandes villes.
LOGEMENT	租房	le loyer	n.m.	rent	房租	payer le loyer	Le loyer a augmenté de cent dollars.
LOGEMENT	租房	le propriétaire / le locataire	n.m.	landlord / tenant	房东/租客	成对出现，Tâche 1 常见收件人	J'ai écrit au propriétaire pour signaler la fuite.
LOGEMENT	租房	le bail	n.m.	lease	租约	复数 baux，签约动词 signer un bail	Mon bail se termine le 30 juin.
LOGEMENT	租房	les charges	n.f.pl.	utilities / service charges	杂费（水电等）	charges comprises 是广告高频	Le loyer est de 900 dollars, charges comprises.
LOGEMENT	租房	le colocataire / la colocation	n.m./n.f.	roommate / flat-share	合租室友/合租	年轻人与学生高频	Je cherche un colocataire pour partager le loyer.
LOGEMENT	租房	emménager / déménager	v.	to move in / to move out	搬入/搬家	魁北克 7 月 1 日是搬家日	Nous déménageons le premier juillet.
LOGEMENT	维修	le chauffage	n.m.	heating	暖气	加拿大冬季核心报修	Le chauffage ne fonctionne plus depuis hier.
LOGEMENT	维修	réparer / la réparation	v./n.f.	to repair / repair	维修	报修核心动词	Les réparations ont été faites le jour même.
LOGEMENT	维修	la moisissure	n.f.	mould	霉菌	健康类严重报修理由	Il y a de la moisissure dans la salle de bain.
LOGEMENT	维修	l'infiltration	n.f.	water infiltration / seepage	渗水	加拿大住房常见问题	Une infiltration a endommagé le plafond.
LOGEMENT	维修	le concierge	n.m.	building superintendent	楼管	加拿大公寓管理员	Le concierge viendra demain matin.
LOGEMENT	邻里	le voisin / le voisinage	n.m.	neighbour / neighbourhood	邻居/邻里	Tâche 2 与 EO2 高频场景	Mes voisins font du bruit tard le soir.
LOGEMENT	邻里	les ordures / le recyclage / le compost	n.f.pl./n.m.	garbage / recycling / compost	垃圾/回收/厨余	加拿大三分类	Le compost est ramassé le mardi.
LOGEMENT	购房	l'hypothèque	n.f.	mortgage	按揭贷款	加拿大用 hypothèque，法国说 prêt immobilier	Le taux d'hypothèque a encore augmenté.
LOGEMENT	购房	la banlieue	n.f.	suburbs	郊区	与 le centre-ville 相对	Les prix sont plus abordables en banlieue.
LOGEMENT	社会议题	l'itinérance	n.f.	homelessness	无家可归	魁北克用 itinérance，法国说 sans-abrisme	L'itinérance augmente dans les grandes villes.
LOGEMENT	社会议题	l'embourgeoisement	n.m.	gentrification	中产化/绅士化	城市议题高分词	L'embourgeoisement chasse les résidents de longue date.
SANTE	就医	l'urgence / les urgences	n.f.	emergency room	急诊	魁北克说 à l'urgence	L'attente à l'urgence était de six heures.
SANTE	就医	le spécialiste	n.m.	specialist	专科医生	需转诊	Mon médecin m'a référé à un spécialiste.
SANTE	就医	l'ordonnance / la prescription	n.f.	prescription	处方	魁北克两者都用	Le pharmacien a renouvelé mon ordonnance.
SANTE	就医	la pharmacie / le pharmacien	n.f./n.m.	pharmacy / pharmacist	药房/药剂师	生活场景	La pharmacie est ouverte jusqu'à 21 h.
SANTE	症状	le rhume / la grippe	n.m./n.f.	cold / flu	感冒/流感	区分轻重	J'ai attrapé un gros rhume.
SANTE	症状	guérir / la guérison	v./n.f.	to recover / recovery	痊愈	康复表达	Il a mis trois semaines à guérir.
SANTE	健康生活	le bien-être	n.m.	well-being	身心健康	高分抽象名词	Les entreprises investissent dans le bien-être des employés.
SANTE	健康生活	le stress / stressant	n.m./adj.	stress / stressful	压力/有压力的	现代生活议题	Mon travail est très stressant en ce moment.
SANTE	健康生活	la sédentarité	n.f.	sedentary lifestyle	久坐少动	健康议论高分词	La sédentarité augmente les risques cardiovasculaires.
ARGENT	消费	la facture	n.f.	invoice / bill	账单/发票	Tâche 1 投诉题高频	J'ai reçu une facture incorrecte.
ARGENT	消费	le reçu	n.m.	receipt	收据	退货必需	Conservez votre reçu pour la garantie.
ARGENT	消费	la garantie	n.f.	warranty	保修	消费维权	L'appareil est encore sous garantie.
ARGENT	消费	le remboursement / rembourser	n.m./v.	refund / to refund	退款	投诉核心诉求	Je demande le remboursement intégral.
ARGENT	消费	l'échange	n.m.	exchange	换货	与退款并列	Le magasin propose un échange mais pas de remboursement.
ARGENT	消费	le rabais / la réduction	n.m./n.f.	discount	折扣	魁北克常用 rabais	Il y a un rabais de vingt pour cent cette semaine.
ARGENT	消费	les taxes	n.f.pl.	sales taxes	销售税	加拿大标价不含税	Le prix affiché ne comprend pas les taxes.
ARGENT	消费	l'inflation	n.f.	inflation	通货膨胀	时事必备	L'inflation atteint quatre pour cent.
ARGENT	保险	la prime / la franchise	n.f.	premium / deductible	保费/免赔额	北美保险两个核心概念	La franchise de ma police est de 500 dollars.
TRANSPORT	公共交通	le métro / l'autobus	n.m.	subway / bus	地铁/公交	魁北克说 autobus 全称	L'autobus 24 passe toutes les dix minutes.
TRANSPORT	公共交通	la correspondance	n.f.	transfer / connection	换乘	交通与航班双用	Il y a une correspondance à la station Berri.
TRANSPORT	公共交通	l'arrêt / la station	n.m./n.f.	stop / station	站点	arrêt 指公交，station 指地铁	Descendez au prochain arrêt.
TRANSPORT	公共交通	l'horaire	n.m.	schedule / timetable	时刻表	CO 公告题核心信息	Consultez l'horaire sur le site de la société de transport.
TRANSPORT	公共交通	la grève	n.f.	strike	罢工	法语区高频新闻	Une grève des transports est annoncée pour lundi.
TRANSPORT	驾车	l'immatriculation	n.f.	vehicle registration	车辆登记	SAAQ 业务	Le renouvellement de l'immatriculation se fait en ligne.
TRANSPORT	驾车	la contravention / le constat	n.f./n.m.	ticket / fine	罚单	违章	J'ai reçu une contravention pour excès de vitesse.
TRANSPORT	驾车	le covoiturage	n.m.	carpooling / ridesharing	拼车	环保与省钱议题，EO2 角色扮演考过	Le covoiturage réduit les coûts et la pollution.
TRANSPORT	驾车	les embouteillages / la congestion	n.m.pl./n.f.	traffic jams / congestion	交通拥堵	城市议题	Les embouteillages sont terribles aux heures de pointe.
TRANSPORT	出行	réserver / la réservation	v./n.f.	to book / booking	预订	EO2 角色扮演高频	J'aimerais réserver une chambre pour deux nuits.
TRANSPORT	出行	annuler / l'annulation	v./n.f.	to cancel / cancellation	取消	投诉与协商	Puis-je annuler sans frais ?
TRANSPORT	出行	le vol / le décollage / l'atterrissage	n.m.	flight / takeoff / landing	航班/起飞/降落	机场场景	Notre vol est retardé de deux heures.
TRANSPORT	出行	la douane	n.f.	customs	海关	入境场景	Il faut déclarer les aliments à la douane.
EDUCATION	学制	l'université / la faculté	n.f.	university / faculty	大学/院系	高等教育	Elle étudie à l'Université de Montréal.
EDUCATION	学制	s'inscrire / l'inscription	v./n.f.	to register / registration	注册	流程词	Les inscriptions se terminent le 15 août.
EDUCATION	学制	le diplôme / diplômé(e)	n.m./adj.	degree / graduate	文凭/毕业的	简历必备	Je suis diplômé en génie civil.
EDUCATION	学制	la formation	n.f.	training / education	培训/教育	万能词，比 éducation 常用	J'ai suivi une formation en comptabilité.
EDUCATION	学制	le stage / le stagiaire	n.m.	internship / intern	实习/实习生	不是 stage 舞台	J'ai fait un stage de six mois en entreprise.
EDUCATION	学制	l'apprentissage	n.m.	learning / apprenticeship	学习/学徒制	一词两义	L'apprentissage d'une langue demande du temps.
SOCIETE	社会议题	la société	n.f.	society	社会	Tâche 3 的 fait de société 就是指这个	Ce phénomène touche toute la société.
SOCIETE	社会议题	l'inégalité / les inégalités	n.f.	inequality	不平等	议论核心词	Les inégalités se creusent entre les régions.
SOCIETE	社会议题	la pauvreté	n.f.	poverty	贫困	社会议题	La pauvreté touche un enfant sur dix.
SOCIETE	社会议题	la diversité	n.f.	diversity	多样性	加拿大公共话语核心	La diversité est une richesse pour la société.
SOCIETE	社会议题	la laïcité	n.f.	secularism	世俗主义	魁北克敏感热点议题	Le débat sur la laïcité divise la population.
SOCIETE	社会议题	le bénévolat / le bénévole	n.m.	volunteering / volunteer	志愿服务/志愿者	加拿大社区生活核心	Le bénévolat favorise l'intégration sociale.
SOCIETE	社会议题	le vivre-ensemble	n.m.	social cohesion / living together	共同生活	魁北克特有的公共话语词	Le vivre-ensemble repose sur le respect mutuel.
SOCIETE	家庭	le conjoint / la conjointe	n.	spouse / partner	配偶	加拿大法律与表格常用	Mon conjoint travaille dans la santé.
ENVIRO	环境	l'environnement	n.m.	environment	环境	Tâche 3 高频主题	La protection de l'environnement est une priorité.
ENVIRO	环境	la pollution / polluer	n.f./v.	pollution / to pollute	污染	基础议题词	La pollution de l'air aggrave l'asthme.
ENVIRO	环境	la sensibilisation / sensibiliser	n.f./v.	awareness-raising	提高意识	公益活动固定词	La campagne vise à sensibiliser les jeunes.
NUMERIQUE	数字生活	le numérique	n.m.	digital / digital technology	数字技术	法语高频名词化	Le numérique transforme le monde du travail.
NUMERIQUE	数字生活	se connecter / la connexion	v./n.f.	to log in / connection	登录/连接	技术场景	Je n'arrive pas à me connecter à mon compte.
NUMERIQUE	数字生活	télécharger	v.	to download	下载	技术基础词	Téléchargez le formulaire sur le site.
NUMERIQUE	数字生活	la fraude / l'hameçonnage	n.f./n.m.	fraud / phishing	诈骗/钓鱼	魁北克用 hameçonnage 代替 phishing	Méfiez-vous des courriels d'hameçonnage.
NUMERIQUE	数字生活	l'automatisation	n.f.	automation	自动化	就业议题	L'automatisation menace certains emplois.
QUOTIDIEN	购物	l'épicerie / le supermarché	n.f./n.m.	grocery store / supermarket	杂货店/超市	加拿大常说 épicerie	Je vais à l'épicerie après le travail.
QUOTIDIEN	购物	la caisse / le caissier	n.f./n.m.	checkout / cashier	收银台/收银员	CO 场景高频	Passez à la caisse numéro trois.
QUOTIDIEN	购物	la taille / la pointure	n.f.	size (clothes) / size (shoes)	尺码/鞋码	两者不能混用，考点	Quelle est votre pointure ?
QUOTIDIEN	购物	la livraison / livrer	n.f./v.	delivery / to deliver	配送	网购与投诉	La livraison est gratuite à partir de 50 dollars.
QUOTIDIEN	购物	la commande / commander	n.f./v.	order / to order	订单/下单	客服场景	Ma commande n'est toujours pas arrivée.
QUOTIDIEN	餐饮	le menu / la carte	n.m./n.f.	set menu / à la carte menu	套餐/菜单	两者含义不同，考点	Nous prendrons le menu du jour.
QUOTIDIEN	餐饮	l'addition	n.f.	bill / check	账单	餐厅场景固定词	L'addition, s'il vous plaît !
QUOTIDIEN	餐饮	la végétarien(ne) / végétalien(ne)	adj.	vegetarian / vegan	素食的/纯素的	饮食议题	Je suis végétarien depuis cinq ans.
QUOTIDIEN	天气	la météo / les prévisions	n.f.	weather / forecast	天气/预报	CO 广播题高频	Selon la météo, il va neiger demain.
QUOTIDIEN	天气	la pluie / la neige / le vent	n.f./n.m.	rain / snow / wind	雨/雪/风	基础天气词	La neige commencera en soirée.
QUOTIDIEN	休闲	les loisirs	n.m.pl.	leisure activities	休闲活动	EO1 必问	Quels sont vos loisirs ?
QUOTIDIEN	休闲	la bibliothèque	n.f.	library	图书馆	社区资源，非 librairie 书店	La bibliothèque offre des ateliers gratuits.
VERBES	高频动词	constater	v.	to observe / to note	发现/注意到	书面高分	J'ai constaté une erreur sur ma facture.
VERBES	高频动词	signaler	v.	to report / to flag	反映/报告	投诉高分动词	Je souhaite signaler un problème récurrent.
VERBES	高频动词	régler	v.	to settle / to fix	解决/付清	一词两义	J'espère que ce problème sera réglé rapidement.
VERBES	高频动词	joindre	v.	to reach (someone) / to attach	联系上/附上	双义高频	Vous pouvez me joindre au numéro suivant.
VERBES	高频动词	renseigner / se renseigner	v.	to inform / to find out	告知/打听	EO2 核心动词	Je me suis renseigné auprès de la mairie.
VERBES	高频动词	favoriser	v.	to promote / to encourage	促进	议论高分动词	Le télétravail favorise l'autonomie.
VERBES	高频动词	renforcer	v.	to strengthen	加强	议论高分动词	Il faut renforcer les services publics.
VERBES	高频动词	réduire / diminuer	v.	to reduce / to decrease	减少	数据与政策	Cette mesure vise à réduire les coûts.
VERBES	高频动词	augmenter / accroître	v.	to increase	增加	accroître 更书面	Le nombre de demandes a fortement augmenté.
PIEGES	假朋友	actuellement	adv.	currently (NOT actually)	目前（不是实际上）	actually 是 en fait	Actuellement, je cherche un emploi.
PIEGES	假朋友	éventuellement	adv.	possibly (NOT eventually)	可能（不是最终）	eventually 是 finalement	Je pourrai éventuellement vous aider.
PIEGES	假朋友	sensible	adj.	sensitive (NOT sensible)	敏感的（不是明智的）	sensible 英文对应 raisonnable	C'est un sujet sensible.
PIEGES	假朋友	la librairie	n.f.	bookshop (NOT library)	书店（不是图书馆）	library 是 bibliothèque	J'ai acheté ce livre à la librairie.
PIEGES	假朋友	le collège	n.m.	middle school (in France) / college (in Quebec)	初中/学院	魁北克与法国含义不同，考点	Au Québec, le cégep vient après le secondaire.
PIEGES	假朋友	la monnaie	n.f.	change / currency (NOT money)	零钱/货币	money 是 l'argent	Gardez la monnaie.
PIEGES	假朋友	demander	v.	to ask (NOT to demand)	询问/请求	demand 是 exiger	Je vous demande de patienter.
COCE	公告用语	le préavis	n.m.	advance notice	提前通知期	与劳动合同的 préavis 同词不同语境，此处指规章要求的提前告知	Un préavis de trente jours est exigé pour résilier le bail.
COCE	正式文件	le formulaire	n.m.	form	表格	办事流程	Remplissez le formulaire en ligne.
COCE	正式文件	le renouvellement / renouveler	n.m./v.	renewal / to renew	续期	证件与租约	Le renouvellement du permis se fait en ligne.
CONJUG	核心不规则	être	v.	to be	是	je suis, tu es, il est, nous sommes, vous êtes, ils sont ; PC été ; imp. j'étais ; fut. je serai ; subj. que je sois	Je suis originaire de Chine.
CONJUG	核心不规则	avoir	v.	to have	有	j'ai, tu as, il a, nous avons, vous avez, ils ont ; PC eu ; imp. j'avais ; fut. j'aurai ; subj. que j'aie	J'ai deux enfants.
CONJUG	核心不规则	aller	v.	to go	去	je vais, tu vas, il va, nous allons, vous allez, ils vont ; fut. j'irai ; subj. que j'aille ; PC 用 être	Je vais au travail en autobus.
CONJUG	核心不规则	faire	v.	to do / to make	做	je fais, nous faisons, vous faites, ils font ; PC fait ; fut. je ferai ; subj. que je fasse	Je fais du sport le matin.
CONJUG	核心不规则	pouvoir	v.	to be able to	能够	je peux, il peut, nous pouvons, ils peuvent ; fut. je pourrai ; cond. je pourrais ; subj. que je puisse	Pourriez-vous m'aider ?
CONJUG	核心不规则	vouloir	v.	to want	想要	je veux, il veut, nous voulons, ils veulent ; cond. je voudrais ; subj. que je veuille	Je voudrais réserver une place.
CONJUG	核心不规则	devoir	v.	must / to owe	必须	je dois, il doit, nous devons, ils doivent ; cond. je devrais ; PC dû	Je dois partir maintenant.
CONJUG	核心不规则	savoir	v.	to know (a fact)	知道	je sais, il sait, nous savons, ils savent ; subj. que je sache ; PC su	Je sais qu'il faut s'inscrire en ligne.
CONJUG	核心不规则	connaître	v.	to know (be familiar with)	认识	je connais, il connaît, nous connaissons ; PC connu ; 与 savoir 的区别是考点	Je connais bien ce quartier.
CONJUG	核心不规则	venir	v.	to come	来	je viens, il vient, nous venons, ils viennent ; fut. je viendrai ; PC 用 être	Je viens de Shanghai.
CONJUG	核心不规则	prendre	v.	to take	拿/乘坐	je prends, il prend, nous prenons, ils prennent ; PC pris	Je prends le métro tous les jours.
CONJUG	核心不规则	mettre	v.	to put	放	je mets, il met, nous mettons ; PC mis	J'ai mis les documents sur votre bureau.
CONJUG	核心不规则	dire	v.	to say	说	je dis, nous disons, vous dites, ils disent ; PC dit	Il m'a dit qu'il serait en retard.
CONJUG	核心不规则	voir	v.	to see	看见	je vois, nous voyons, ils voient ; fut. je verrai ; PC vu	Je vois ce que vous voulez dire.
CONJUG	核心不规则	croire	v.	to believe	相信	je crois, nous croyons, ils croient ; PC cru ; 否定后接虚拟式	Je ne crois pas que ce soit une bonne idée.
CONJUG	核心不规则	écrire	v.	to write	写	j'écris, nous écrivons ; PC écrit	Je vous écris au sujet de l'annonce.
CONJUG	核心不规则	lire	v.	to read	读	je lis, nous lisons, ils lisent ; PC lu	J'ai lu votre courriel ce matin.
CONJUG	核心不规则	recevoir	v.	to receive	收到	je reçois, nous recevons, ils reçoivent ; PC reçu ; 注意 ç	J'ai reçu votre message hier.
CONJUG	核心不规则	falloir	v.	to be necessary	必须	无人称：il faut ; fut. il faudra ; subj. qu'il faille ; il faut que + 虚拟式	Il faut que je parte tôt.
CONJUG	核心不规则	valoir	v.	to be worth	值得	il vaut ; il vaut mieux que + 虚拟式	Il vaut mieux que vous réserviez à l'avance.
CONJUG	核心不规则	s'asseoir	v.	to sit down	坐下	je m'assois 或 je m'assieds ; PC assis ; 反身动词用 être	Asseyez-vous, je vous en prie.
CONJUG	核心不规则	offrir / ouvrir	v.	to offer / to open	提供/打开	按 -er 动词变位：j'offre, j'ouvre ; PC offert, ouvert	Le centre offre des cours gratuits.
CONJUG	核心不规则	partir / sortir / dormir	v.	to leave / go out / sleep	离开/出去/睡觉	je pars, je sors, je dors（去掉词干末辅音）; partir 和 sortir 的 PC 用 être	Je pars à sept heures.
CONJUG	核心不规则	suivre	v.	to follow / to take (a course)	跟随/上课	je suis, nous suivons ; PC suivi ; 注意 je suis 与 être 同形	Je suis des cours de francisation.
CONJUG	核心不规则	vivre	v.	to live	生活	je vis, nous vivons ; PC vécu ; 与 habiter 的区别：vivre 更抽象	Je vis au Canada depuis deux ans.
CONJUG	时态用法	imparfait	gram.	imperfect tense	未完成过去时	描写背景、状态、习惯动作。与 PC 的对立是 EE 最大扣分点	Il pleuvait et je ne connaissais personne.
CONJUG	时态用法	plus-que-parfait	gram.	pluperfect	愈过去时	表示过去的过去：avais/étais + 过去分词。NCLC 7 需会认，会用更好	J'avais déjà envoyé le formulaire quand il m'a appelé.
CONJUG	代词	en / y	gram.	pronouns en and y	代词 en 和 y	en 代替 de + 名词，y 代替 à + 名词或地点	J'y pense souvent. J'en ai besoin.
CONJUG	被动与无人称	on	pron.	one / we / people	人们/我们	口语代替 nous，也表被动含义，EO 高频	On nous a dit que c'était complet.
GENRE	阳性词尾	-ment	gram.	masculine ending	阳性词尾	le logement, le gouvernement, le paiement, le document — 几乎无例外	Le logement coûte cher en ville.
GENRE	阳性词尾	-age	gram.	masculine ending	阳性词尾	le voyage, le stationnement 不算, le chômage, le message — 例外：la plage, la page, l'image, la cage	Le chômage a baissé cette année.
GENRE	阳性词尾	-eau / -ou	gram.	masculine ending	阳性词尾	le bureau, le niveau, le cadeau — 例外：l'eau (f.), la peau	Le niveau de vie est élevé ici.
GENRE	阳性词尾	-isme	gram.	masculine ending	阳性词尾	le tourisme, le bilinguisme, le racisme — 无例外	Le bilinguisme est une richesse.
GENRE	阳性词尾	-eur（事物/职业）	gram.	masculine ending	阳性词尾	le secteur, l'ordinateur, le travailleur — 但抽象名词 -eur 多为阴性	Le secteur de la santé recrute.
GENRE	阳性词尾	-oir	gram.	masculine ending	阳性词尾	le devoir, le pouvoir, le couloir, le trottoir	Le trottoir est glissant ce matin.
GENRE	阳性词尾	-al / -ail	gram.	masculine ending	阳性词尾	le journal, le travail, le total — 复数 -aux	Le journal local a publié l'annonce.
GENRE	阳性词尾	-if	gram.	masculine ending	阳性词尾	l'objectif, le tarif, le motif	Quel est le tarif mensuel ?
GENRE	阴性词尾	-tion / -sion	gram.	feminine ending	阴性词尾	la situation, la formation, la décision, la pension — 几乎无例外，覆盖极多抽象名词	La formation dure six mois.
GENRE	阴性词尾	-té / -tié	gram.	feminine ending	阴性词尾	la société, la qualité, la citoyenneté, l'amitié — 例外：le côté, l'été	La qualité du service laisse à désirer.
GENRE	阴性词尾	-ure	gram.	feminine ending	阴性词尾	la culture, la nature, la structure, la signature	La signature du bail est prévue demain.
GENRE	阴性词尾	-ance / -ence	gram.	feminine ending	阴性词尾	l'assurance, l'expérience, la différence — 例外：le silence, le service 不属此类	L'assurance habitation est obligatoire.
GENRE	阴性词尾	-ette / -elle	gram.	feminine ending	阴性词尾	la recette, la nouvelle, la poubelle	Sortez la poubelle ce soir.
GENRE	阴性词尾	-ie	gram.	feminine ending	阴性词尾	la pharmacie, l'économie, la garderie, la mairie — 例外：le parapluie, l'incendie	La garderie ouvre à sept heures.
GENRE	阴性词尾	-esse / -eur（抽象）	gram.	feminine ending	阴性词尾	la richesse, la vitesse ; la chaleur, la douleur, la peur	La chaleur est difficile à supporter.
GENRE	阴性词尾	-ade / -ude	gram.	feminine ending	阴性词尾	la salade, l'habitude, l'attitude, la solitude	J'ai l'habitude de me lever tôt.
GENRE	易错阳性	le problème	n.m.	problem	问题	以 -ème 结尾的希腊来源词是阳性：le système, le thème, le poème	Le problème persiste depuis un mois.
GENRE	易错阳性	le groupe	n.m.	group	团体	结尾 -e 但阳性，中国学习者高频错	Le groupe se réunit chaque semaine.
GENRE	易错阳性	le domaine	n.m.	field / area	领域	结尾 -e 但阳性	Je travaille dans le domaine de la santé.
GENRE	易错阳性	le salaire	n.m.	salary	工资	-aire 多为阳性：le formulaire, le propriétaire, le dictionnaire	Le salaire est versé le quinze.
GENRE	易错阳性	le silence	n.m.	silence	沉默	-ence 结尾的罕见阳性例外	Le silence de l'administration est inquiétant.
GENRE	易错阳性	le musée	n.m.	museum	博物馆	-ée 结尾的阳性例外，还有 le lycée	Le musée est gratuit le premier dimanche.
GENRE	易错阳性	le magasin	n.m.	store	商店	与 la magasinage 无关，注意区分	Le magasin ferme à vingt et une heures.
GENRE	易错阳性	l'hôpital	n.m.	hospital	医院	元音开头看不出性，必须记	L'hôpital est à dix minutes d'ici.
GENRE	易错阳性	l'argent	n.m.	money	钱	元音开头，阳性，不可数	Je n'ai pas assez d'argent ce mois-ci.
GENRE	易错阳性	l'emploi	n.m.	job / employment	就业	元音开头，阳性	L'emploi dans ce secteur augmente.
GENRE	易错阴性	la fin	n.f.	end	结束	结尾辅音但阴性	La fin de semaine s'annonce froide.
GENRE	易错阴性	la part	n.f.	share / part	部分	注意 le départ 是阳性	Une grande part du budget y est consacrée.
GENRE	易错阴性	la façon	n.f.	way / manner	方式	de cette façon 固定搭配	De cette façon, tout le monde y gagne.
GENRE	易错阴性	la fois	n.f.	time (occurrence)	次	une fois, deux fois ; 与 le temps 区分	C'est la troisième fois que je vous écris.
GENRE	易错阴性	la plupart	n.f.	most	大部分	la plupart des + 复数 + 复数动词	La plupart des gens sont d'accord.
GENRE	易错阴性	la santé	n.f.	health	健康	-té 规则	La santé publique relève des provinces.
GENRE	易错阴性	l'eau	n.f.	water	水	-eau 结尾的阴性例外	L'eau chaude ne fonctionne plus.
GENRE	易错阴性	l'entreprise	n.f.	company	企业	元音开头，阴性	L'entreprise a embauché vingt personnes.
GENRE	易错阴性	l'année	n.f.	year	年	-ée 结尾阴性；与 l'an (m.) 并存，用法不同	L'année prochaine, je déménage.
GENRE	易错阴性	l'expérience	n.f.	experience	经验	元音开头，阴性	J'ai dix ans d'expérience dans ce domaine.
GENRE	易错阴性	l'assurance	n.f.	insurance	保险	元音开头，阴性	L'assurance-emploi couvre le congé parental.
GENRE	同形异性	le livre / la livre	n.	book / pound	书/磅	性别改变词义，考点	J'ai acheté un livre. Une livre de beurre.
GENRE	同形异性	le poste / la poste	n.	position / post office	职位/邮局	TCF 高频，两者都常用	Je postule à ce poste. Je vais à la poste.
GENRE	同形异性	le tour / la tour	n.	turn, trip / tower	轮次、游览/塔	考点	C'est mon tour. La tour est visible de loin.
GENRE	同形异性	le mode / la mode	n.	method / fashion	方式/时尚	le mode de vie 是高频搭配	Le mode de vie ici est différent.
GENRE	同形异性	le critique / la critique	n.	critic / criticism	评论家/批评	议论文语境	La critique est constructive.
GENRE	同形异性	le manche / la manche	n.	handle / sleeve	柄/袖子	La Manche 还指英吉利海峡	Les manches sont trop longues.
GENRE	复数陷阱	les gens	n.m.pl.	people	人们	永远复数，动词用复数	Les gens sont accueillants ici.
GENRE	复数陷阱	les vacances	n.f.pl.	holidays	假期	永远复数	Les vacances commencent en juillet.
GENRE	复数陷阱	les frais	n.m.pl.	fees / costs	费用	永远复数，TCF 高频	Les frais de dossier sont de 100 dollars.
GENRE	复数陷阱	les renseignements	n.m.pl.	information	信息	法语用复数，英语 information 不可数	Je voudrais des renseignements sur le poste.
ABSTRAIT	评价程度	important / considérable	adj.	significant / considerable	重要的/相当大的	une augmentation considérable，比 grand 高级	Il y a eu une augmentation considérable des loyers.
ABSTRAIT	评价程度	majeur / mineur	adj.	major / minor	重大的/次要的	un problème majeur	C'est un enjeu majeur pour la région.
ABSTRAIT	评价程度	croissant	adj.	growing	不断增长的	un nombre croissant de，高分搭配	Un nombre croissant de gens télétravaillent.
ABSTRAIT	评价程度	répandu	adj.	widespread	普遍的	比 commun 高级	Cette pratique est très répandue au Canada.
ABSTRAIT	评价程度	fréquent / rare	adj.	frequent / rare	频繁的/罕见的	频率描述	Les pannes sont fréquentes en hiver.
ABSTRAIT	评价程度	suffisant / insuffisant	adj.	sufficient / insufficient	足够的/不足的	比 assez 正式	Les ressources sont insuffisantes.
ABSTRAIT	评价程度	excessif	adj.	excessive	过度的	带批评色彩	Le temps d'écran excessif nuit au sommeil.
ABSTRAIT	评价程度	limité	adj.	limited	有限的	des moyens limités	Les places sont limitées.
ABSTRAIT	评价程度	nettement	adv.	clearly / markedly	明显地	nettement supérieur，高分副词	Les résultats sont nettement meilleurs.
ABSTRAIT	评价程度	largement	adv.	widely / by far	广泛地/远远	largement suffisant	Cette opinion est largement partagée.
ABSTRAIT	可行价值	efficace / l'efficacité	adj./n.f.	effective / effectiveness	有效的/有效性	与 efficient 区分	Cette méthode est très efficace.
ABSTRAIT	可行价值	rentable	adj.	profitable / cost-effective	划算的	经济论证高频	Ce n'est pas rentable à long terme.
ABSTRAIT	可行价值	réaliste / irréaliste	adj.	realistic / unrealistic	现实的	评价方案	Cet objectif me paraît irréaliste.
ABSTRAIT	可行价值	faisable / la faisabilité	adj./n.f.	feasible / feasibility	可行的/可行性	项目论证	Le projet est techniquement faisable.
ABSTRAIT	可行价值	bénéfique	adj.	beneficial	有益的	être bénéfique pour	L'exercice est bénéfique pour la santé mentale.
ABSTRAIT	可行价值	nuisible / néfaste	adj.	harmful	有害的	être nuisible à，高分反义词	Le stress prolongé est néfaste pour la santé.
ABSTRAIT	可行价值	durable	adj.	sustainable / lasting	可持续的/持久的	双义，环境与一般语境	Il faut une solution durable.
ABSTRAIT	可行价值	prioritaire / la priorité	adj./n.f.	priority	优先的/优先事项	政策论证	Le logement est une priorité nationale.
ABSTRAIT	可行价值	indispensable	adj.	essential	必不可少的	强于 nécessaire	La maîtrise du français est indispensable.
ABSTRAIT	可行价值	facultatif / obligatoire	adj.	optional / compulsory	可选的/强制的	规章用词	La formation est obligatoire.
ABSTRAIT	因果条件	la cause / la conséquence	n.f.	cause / consequence	原因/结果	论证基础词	Les conséquences sont difficiles à prévoir.
ABSTRAIT	因果条件	l'enjeu	n.m.	issue at stake	关键议题	Tâche 3 高分词	L'enjeu principal est le financement.
ABSTRAIT	因果条件	inévitable	adj.	inevitable	不可避免的	强因果	Un certain retard est inévitable.
ABSTRAIT	因果条件	sinon	conj.	otherwise	否则	结果连接	Inscrivez-vous vite, sinon il n'y aura plus de place.
ABSTRAIT	变化趋势	l'évolution / évoluer	n.f./v.	development / to evolve	演变	中性变化描述	L'évolution du marché est difficile à prévoir.
ABSTRAIT	变化趋势	la tendance	n.f.	trend	趋势	avoir tendance à 也高频	La tendance est à la hausse.
ABSTRAIT	变化趋势	la hausse / la baisse	n.f.	rise / fall	上涨/下跌	à la hausse, en baisse	Les prix sont en forte hausse.
ABSTRAIT	变化趋势	s'accroître / s'aggraver	v.	to increase / to worsen	增长/恶化	s'aggraver 带负面色彩	La situation s'est aggravée cet hiver.
ABSTRAIT	变化趋势	se généraliser	v.	to become widespread	普及	社会变化高分动词	Le télétravail s'est généralisé.
ABSTRAIT	变化趋势	se stabiliser	v.	to stabilise	趋于稳定	数据描述	Les taux se sont stabilisés.
ABSTRAIT	变化趋势	le bouleversement	n.m.	upheaval	剧变	强变化，高分名词	Le numérique a provoqué un bouleversement du travail.
ABSTRAIT	观点态度	l'argument	n.m.	argument	论据	论证基础词	Cet argument me semble faible.
ABSTRAIT	观点态度	controversé	adj.	controversial	有争议的	议题描述	Ce sujet reste très controversé.
ABSTRAIT	观点态度	le consensus	n.m.	consensus	共识	论证词	Il n'existe pas de consensus sur cette question.
ABSTRAIT	观点态度	réticent / la réticence	adj./n.f.	reluctant / reluctance	不情愿的	温和反对	Les employeurs sont réticents à embaucher.
ABSTRAIT	观点态度	le préjugé	n.m.	prejudice	偏见	社会议题	Les préjugés freinent l'intégration.
ABSTRAIT	观点态度	nuancé	adj.	nuanced / balanced	有分寸的	评价论述，高分	Sa position est plus nuancée qu'il n'y paraît.
ABSTRAIT	观点态度	convaincant	adj.	convincing	有说服力的	评价论据	Les arguments sont peu convaincants.
ABSTRAIT	观点态度	discutable	adj.	debatable	值得商榷的	温和质疑	Cette conclusion est discutable.
ABSTRAIT	问题解决	le défi	n.m.	challenge	挑战	relever un défi，高分搭配	Les nouveaux arrivants doivent relever plusieurs défis.
ABSTRAIT	问题解决	l'obstacle	n.m.	obstacle	障碍	surmonter un obstacle	Le principal obstacle reste la langue.
ABSTRAIT	问题解决	surmonter	v.	to overcome	克服	与 obstacle/difficulté 搭配	J'ai surmonté ces difficultés grâce à un mentor.
ABSTRAIT	问题解决	résoudre / la résolution	v./n.f.	to solve / resolution	解决	PC résolu	Ce problème sera résolu cette semaine.
ABSTRAIT	问题解决	réduire / limiter	v.	to reduce / to limit	减少/限制	政策动词	Ces mesures visent à réduire la pollution.
ABSTRAIT	问题解决	un compromis	n.m.	compromise	折中方案	Tâche 3 结论高频	Il faudra trouver un compromis.
ABSTRAIT	问题解决	une alternative	n.f.	alternative	替代方案	注意法语是阴性	Existe-t-il une alternative moins coûteuse ?
ABSTRAIT	社会制度	la politique	n.f.	policy / politics	政策/政治	与 le politique 政治家 区分	La politique du logement doit changer.
ABSTRAIT	社会制度	la loi / la réglementation	n.f.	law / regulation	法律/法规	制度基础词	Une nouvelle loi protège les locataires.
ABSTRAIT	社会制度	la subvention	n.f.	subsidy / grant	补贴	政策工具	Une subvention est offerte aux familles.
ABSTRAIT	社会制度	l'investissement	n.m.	investment	投资	政策与经济	Un investissement massif est nécessaire.
ABSTRAIT	社会制度	le budget / les fonds	n.m.	budget / funds	预算/资金	财政词	Les fonds alloués sont insuffisants.
ABSTRAIT	社会制度	la transparence	n.f.	transparency	透明度	治理议题高分词	Les citoyens réclament plus de transparence.
ABSTRAIT	社会制度	l'équité	n.f.	equity / fairness	公平	与 égalité 有别，加拿大高频	L'équité d'accès aux soins reste un objectif.
ABSTRAIT	社会制度	l'accessibilité	n.f.	accessibility	可及性	服务与设施议题	L'accessibilité des logements pose problème.
ABSTRAIT	社会制度	la compétence（管辖）	n.f.	jurisdiction	管辖权限	加拿大联邦省级划分必备	La santé relève de la compétence des provinces.
ABSTRAIT	数据论证	les données / les chiffres	n.f.pl./n.m.pl.	data / figures	数据/数字	论证基础，永远复数	Les chiffres montrent une baisse constante.
ABSTRAIT	数据论证	une enquête / un sondage	n.f./n.m.	survey / poll	调查/民调	数据来源	Un sondage révèle que 60 pour cent des gens sont favorables.
ABSTRAIT	数据论证	le taux	n.m.	rate	比率	le taux de chômage, le taux d'intérêt	Le taux de participation était faible.
ABSTRAIT	数据论证	la proportion / la part	n.f.	proportion / share	比例	数据描述	Une part importante du budget y est consacrée.
ABSTRAIT	数据论证	représenter	v.	to account for	占（比例）	数据动词	Ce poste représente un tiers des dépenses.
ABSTRAIT	数据论证	notamment	adv.	notably / in particular	尤其	引出具体例子，书面高频	Certaines régions, notamment le Nord, sont touchées.
ABSTRAIT	人与行为	le comportement	n.m.	behaviour	行为	社会议题	Ces campagnes visent à changer les comportements.
ABSTRAIT	人与行为	la mentalité	n.f.	mindset	心态/观念	文化议题	Les mentalités évoluent lentement.
ABSTRAIT	人与行为	l'autonomie	n.f.	autonomy / independence	自主性	工作与养老议题	Le télétravail favorise l'autonomie.
ABSTRAIT	人与行为	la motivation	n.f.	motivation	动力	职场与学习	La motivation des employés a baissé.
ABSTRAIT	人与行为	la persévérance	n.f.	perseverance	坚持	正面品质	L'apprentissage d'une langue exige de la persévérance.
ABSTRAIT	人与行为	la souplesse / flexible	n.f./adj.	flexibility / flexible	灵活性	职场词	L'horaire offre une grande souplesse.
ABSTRAIT	人与行为	l'isolement	n.m.	isolation	孤立	远程工作与老龄化议题	Le télétravail peut entraîner un certain isolement.
ABSTRAIT	人与行为	l'épanouissement	n.m.	personal fulfilment	自我实现	B2 高分抽象名词	Le travail contribue à l'épanouissement personnel.
ABSTRAIT	人与行为	surmené / le surmenage	adj./n.m.	overworked / overwork	过劳的	职场健康	Beaucoup d'employés se disent surmenés.
TRAVAIL	行业岗位	le secteur	n.m.	sector	行业	le secteur de la santé / des services	Le secteur manufacturier recrute peu.
TRAVAIL	行业岗位	la restauration / l'hôtellerie	n.f.	food service / hospitality	餐饮业/酒店业	新移民常见入行行业	Elle travaille dans la restauration depuis son arrivée.
TRAVAIL	行业岗位	la construction	n.f.	construction	建筑业	魁北克需求大	La construction ralentit en hiver.
TRAVAIL	行业岗位	le métier	n.m.	trade / occupation	职业/工种	比 emploi 更指技能职业	J'exerce le métier d'électricien.
TRAVAIL	行业岗位	le gestionnaire	n.m.	manager	管理者	加拿大常用，法国说 le cadre	Le gestionnaire approuve les horaires.
TRAVAIL	行业岗位	le sous-traitant	n.m.	subcontractor	分包商	建筑与服务业	Les travaux ont été confiés à un sous-traitant.
TRAVAIL	办公日常	le bureau	n.m.	office / desk	办公室/办公桌	双义	Je travaille au bureau trois jours par semaine.
TRAVAIL	办公日常	la visioconférence	n.f.	video conference	视频会议	魁北克用词，避免英语 Zoom call	La réunion se tiendra en visioconférence.
TRAVAIL	办公日常	l'imprimante / le photocopieur	n.f./n.m.	printer / photocopier	打印机/复印机	办公设备报修	Le photocopieur est encore en panne.
TRAVAIL	办公日常	le dossier	n.m.	file / case	文件夹/案卷	办公与行政双用	J'ai transmis le dossier au service concerné.
TRAVAIL	办公日常	classer / archiver	v.	to file / to archive	归档	文件管理	Tous les contrats sont archivés en ligne.
TRAVAIL	客户业务	le client / la clientèle	n.m./n.f.	client / clientele	客户/客户群	商务词	La clientèle est très fidèle.
TRAVAIL	客户业务	la soumission	n.f.	quote / tender	报价/投标	加拿大特有用词，法国说 le devis	Nous avons déposé une soumission hier.
TRAVAIL	客户业务	le devis	n.m.	estimate / quote	估价单	维修与服务	Pourriez-vous m'envoyer un devis ?
TRAVAIL	客户业务	la rentabilité	n.f.	profitability	盈利能力	经营论述	La rentabilité reste faible.
TRAVAIL	客户业务	négocier / la négociation	v./n.f.	to negotiate / negotiation	谈判	商务与劳资双用	Les négociations syndicales ont repris.
TRAVAIL	客户业务	le partenariat	n.m.	partnership	合作关系	商务与社区双用	Un partenariat a été conclu avec la ville.
TRAVAIL	培训安全	le chantier	n.m.	worksite	工地	建筑业核心词	L'accès au chantier est réservé au personnel autorisé.
TRAVAIL	培训安全	la CNESST	n.f.	Quebec workplace health and safety board	魁北克劳动健康安全委员会	魁北克特有机构缩写，工伤赔付	La CNESST a ouvert une enquête.
TRAVAIL	团队协作	coordonner	v.	to coordinate	协调	项目管理	Elle coordonne l'ensemble du projet.
TRAVAIL	劳动法规	le congédiement	n.m.	dismissal	解雇	加拿大用词，法国说 le licenciement	Le congédiement a été jugé abusif.
LOGEMENT	房屋结构	le sous-sol	n.m.	basement	地下室	加拿大住宅标配，常出租	Ils louent le sous-sol à un étudiant.
LOGEMENT	房屋结构	le rez-de-chaussée	n.m.	ground floor	一楼	法语区计层方式，二楼才是 premier étage	L'appartement est au rez-de-chaussée.
LOGEMENT	房屋结构	le balcon / la terrasse	n.m./n.f.	balcony / terrace	阳台/露台	租房卖点	Le balcon donne sur le parc.
LOGEMENT	房屋结构	la buanderie	n.f.	laundry room	洗衣房	公寓共用设施	La buanderie est au sous-sol.
LOGEMENT	房屋结构	l'ascenseur	n.m.	elevator	电梯	报修高频	L'ascenseur est hors service.
LOGEMENT	房屋结构	le chauffe-eau	n.m.	water heater	热水器	常见报修项	Le chauffe-eau doit être remplacé.
LOGEMENT	房屋结构	l'isolation	n.f.	insulation	保温	加拿大冬季关键	Une mauvaise isolation fait grimper la facture.
LOGEMENT	房屋结构	les électroménagers	n.m.pl.	appliances	家用电器	加拿大用词，租房广告常见	Les électroménagers sont inclus.
LOGEMENT	家务生活	le thermostat	n.m.	thermostat	温控器	加拿大冬季必备	Baissez le thermostat la nuit.
LOGEMENT	租房流程	la visite（看房）	n.f.	viewing	看房	租房流程	Une visite est prévue samedi à quatorze heures.
LOGEMENT	租房流程	l'éviction / expulser	n.f./v.	eviction / to evict	驱逐	租房纠纷	Une éviction exige une décision du tribunal.
LOGEMENT	租房流程	le cautionnement / l'endosseur	n.m.	guarantee / guarantor	担保/担保人	新移民租房常被要求	Un endosseur peut être exigé sans historique de crédit.
LOGEMENT	邻里社区	le quartier	n.m.	neighbourhood	街区	生活话题高频	J'habite dans un quartier tranquille.
LOGEMENT	邻里社区	le trottoir	n.m.	sidewalk	人行道	冬季除雪话题	Le trottoir est glissant ce matin.
LOGEMENT	邻里社区	l'arrondissement	n.m.	borough	城区	蒙特利尔行政划分，特有用词	Chaque arrondissement gère ses propres services.
LOGEMENT	邻里社区	la pétition	n.f.	petition	请愿	社区行动	Les résidents ont signé une pétition.
LOGEMENT	邻里社区	le zonage	n.m.	zoning	土地用途分区	城市规划	Le zonage interdit les commerces dans cette rue.
SANTE	科室人员	l'ambulancier / le paramédic	n.m.	paramedic	急救员	加拿大用 paramédic	Les ambulanciers sont arrivés en dix minutes.
SANTE	科室人员	le physiothérapeute / la physiothérapie	n.m./n.f.	physiotherapist / physiotherapy	理疗师/理疗	加拿大常见补充保险项目	Je suis en physiothérapie depuis un mois.
SANTE	科室人员	l'optométriste	n.m.	optometrist	验光师	视力检查	L'examen chez l'optométriste coûte 90 dollars.
SANTE	科室人员	le chirurgien / la chirurgie	n.m./n.f.	surgeon / surgery	外科医生/手术	医疗场景	Elle attend une chirurgie au genou.
SANTE	检查治疗	la radiographie / l'échographie	n.f.	X-ray / ultrasound	X 光/超声	影像检查	La radiographie n'a révélé aucune fracture.
SANTE	检查治疗	le diagnostic	n.m.	diagnosis	诊断	医疗核心词	Un diagnostic précoce améliore le pronostic.
SANTE	检查治疗	le traitement	n.m.	treatment	治疗	suivre un traitement	Le traitement dure six semaines.
SANTE	检查治疗	la posologie	n.f.	dosage	用药剂量	药品说明书用词	Respectez la posologie indiquée.
SANTE	检查治疗	le suivi	n.m.	follow-up	随访/跟进	医疗与行政双用	Un suivi est prévu dans un mois.
SANTE	检查治疗	la convalescence	n.f.	recovery period	康复期	术后	Il est en convalescence depuis deux semaines.
SANTE	急救突发	l'entorse / la fracture	n.f.	sprain / fracture	扭伤/骨折	常见伤情	Je me suis fait une entorse à la cheville.
SANTE	急救突发	l'ambulance	n.f.	ambulance	救护车	加拿大通常需自付部分费用	Le transport en ambulance n'est pas gratuit.
SANTE	急救突发	le triage	n.m.	triage	分诊	急诊流程	Le triage détermine l'ordre de passage.
SANTE	急救突发	les engelures / l'hypothermie	n.f.	frostbite / hypothermia	冻伤/体温过低	加拿大冬季风险	Les engelures apparaissent en quelques minutes par grand froid.
SANTE	照护人群	le CHSLD	n.m.	long-term care home	长期护理中心	魁北克特有缩写，社会议题核心	Les CHSLD manquent de personnel.
SANTE	照护人群	le pédiatre	n.m.	pediatrician	儿科医生	儿童保健	Le pédiatre suit mon fils depuis sa naissance.
SANTE	加拿大制度	le GMF (groupe de médecine familiale)	n.m.	family medicine group	家庭医学组	魁北克基层医疗组织，特有缩写	Je suis inscrit dans un GMF près de chez moi.
SANTE	加拿大制度	la téléconsultation	n.f.	virtual care	远程问诊	疫情后普及	La téléconsultation évite bien des déplacements.
ARGENT	工资税务	le RRQ / le RPC	n.m.	Quebec / Canada Pension Plan	魁北克/加拿大退休金计划	魁北克用 RRQ，其他省用 RPC，特有区分	Les cotisations au RRQ sont obligatoires.
ARGENT	工资税务	la déduction	n.f.	deduction	扣除项	报税术语	Les cotisations au REER sont déductibles.
ARGENT	购物消费	la circulaire	n.f.	flyer / weekly ad	促销传单	加拿大特有说法，每周派送	J'ai vu ce prix dans la circulaire.
ARGENT	贷款债务	la préautorisation	n.f.	pre-approval	贷款预批	买房第一步	Nous avons obtenu une préautorisation hypothécaire.
ARGENT	贷款债务	l'endettement	n.m.	indebtedness	负债	个人理财议题	L'endettement des ménages atteint un record.
ARGENT	退休理财	le placement / investir	n.m./v.	investment / to invest	投资	理财基础	Une partie de mon salaire est placée chaque mois.
ARGENT	消费保护	la fraude / l'escroquerie	n.f.	fraud / scam	诈骗	加拿大公共提醒高频	Les aînés sont souvent visés par ces fraudes.
TRANSPORT	冬季路况	le pare-brise / les essuie-glaces	n.m.pl.	windshield / wipers	挡风玻璃/雨刮	冬季驾车	Dégagez la neige du pare-brise avant de partir.
TRANSPORT	冬季路况	le chauffe-moteur	n.m.	block heater	发动机预热器	加拿大严寒地区特有装置	Branchez le chauffe-moteur la nuit.
TRANSPORT	冬季路况	la collision / l'accrochage	n.f./n.m.	collision / fender bender	碰撞/小刮蹭	保险场景	J'ai eu un accrochage dans le stationnement.
TRANSPORT	冬季路况	le piéton / le cycliste	n.m.	pedestrian / cyclist	行人/骑车人	城市交通议题	Les pistes cyclables protègent les cyclistes.
TRANSPORT	机场航班	l'escale	n.f.	stopover / layover	经停	行程安排	Nous avons une escale de trois heures à Toronto.
TRANSPORT	机场航班	la correspondance（航班）	n.f.	connecting flight	转机	机场场景	J'ai raté ma correspondance.
TRANSPORT	机场航班	l'enregistrement	n.m.	check-in	值机	机场流程	L'enregistrement ferme 45 minutes avant le départ.
TRANSPORT	机场航班	l'indemnisation	n.f.	compensation	赔偿	加拿大航空旅客保护条例	Une indemnisation est prévue en cas de retard important.
TRANSPORT	住宿旅游	l'hébergement	n.f.	accommodation	住宿	旅游与安置双用	L'hébergement est inclus dans le forfait.
TRANSPORT	住宿旅游	le forfait	n.m.	package deal	套餐/套票	旅游与电信双用	Le forfait comprend le vol et l'hôtel.
TRANSPORT	住宿旅游	la faune	n.f.	wildlife	野生动物	户外提示	Il est interdit de nourrir la faune.
TRANSPORT	通勤出行	le navetteur	n.m.	commuter	通勤者	加拿大法语用词	Les navetteurs perdent une heure par jour.
EDUCATION	魁北克学制	la maternelle	n.f.	kindergarten	幼儿园	魁北克公立教育起点	La maternelle commence à cinq ans.
EDUCATION	魁北克学制	le primaire / le secondaire	n.m.	elementary / secondary school	小学/中学	魁北克 secondaire 是五年制	Mon fils entre au secondaire cette année.
EDUCATION	魁北克学制	le DEC (diplôme d'études collégiales)	n.m.	college diploma	学院文凭	cégep 的毕业文凭，魁北克特有	Le DEC technique mène directement au marché du travail.
EDUCATION	魁北克学制	le baccalauréat	n.m.	bachelor's degree	学士学位	魁北克指本科，与法国高中会考同词不同义，重要考点	J'ai un baccalauréat en génie.
EDUCATION	魁北克学制	la maîtrise / le doctorat	n.f./n.m.	master's / doctorate	硕士/博士	加拿大法语用 maîtrise	Elle termine sa maîtrise en santé publique.
EDUCATION	魁北克学制	la session	n.f.	semester	学期	加拿大法语用 session，法国说 semestre	La session d'automne commence fin août.
EDUCATION	魁北克学制	le trimestre	n.m.	term	学季	大学学期划分	Le trimestre d'hiver se termine en avril.
EDUCATION	课程学习	le plagiat	n.m.	plagiarism	抄袭	学术诚信，后果严重	Le plagiat entraîne l'échec du cours.
EDUCATION	课程学习	la bibliographie / la référence	n.f.	bibliography / reference	参考文献/引用	学术规范	Chaque source doit figurer dans la bibliographie.
EDUCATION	课程学习	le brouillon / réviser	n.m./v.	draft / to revise	草稿/修改	写作流程	J'ai remis un premier brouillon.
EDUCATION	课程学习	réussir / échouer	v.	to pass / to fail	通过/挂科	注意 passer un examen 只是参加	Il faut 60 pour cent pour réussir.
EDUCATION	课程学习	le registraire	n.m.	registrar	教务处	加拿大高校机构	Adressez-vous au registraire pour votre inscription.
EDUCATION	成人培训	l'atelier	n.m.	workshop	工作坊	短期培训	La bibliothèque offre des ateliers de recherche d'emploi.
EDUCATION	教育议题	l'analphabétisme / la littératie	n.m./n.f.	illiteracy / literacy	文盲/读写能力	教育评估	La littératie des adultes reste préoccupante.
SOCIETE	政治制度	le député	n.m.	Member of Parliament / MNA	议员	联邦与省级均可用	Notre députée a tenu une rencontre citoyenne.
SOCIETE	政治制度	la circonscription	n.f.	riding / electoral district	选区	加拿大选举制度	Il y a 338 circonscriptions fédérales.
SOCIETE	政治制度	les élections / le scrutin	n.f.pl./n.m.	elections / ballot	选举/投票	选举词汇	Le scrutin aura lieu le 20 octobre.
SOCIETE	政治制度	le recensement	n.m.	census	人口普查	每五年一次	Le recensement révèle une croissance rapide.
SOCIETE	社会议题	la solidarité	n.f.	solidarity	互助团结	法语区公共话语核心词	La solidarité entre voisins s'est manifestée pendant la tempête.
SOCIETE	社会议题	la xénophobie / le racisme	n.f./n.m.	xenophobia / racism	排外/种族主义	社会议题	Les campagnes luttent contre le racisme ordinaire.
SOCIETE	社会议题	le clivage	n.m.	divide / cleavage	分裂/分歧	社会分析高分词	Un clivage se creuse entre villes et régions.
SOCIETE	移民融入	la déqualification	n.f.	deskilling / underemployment	技能贬值	移民就业核心问题，高分词	La déqualification touche de nombreux immigrants diplômés.
SOCIETE	移民融入	le mentorat	n.m.	mentoring	导师制	就业支持	Le mentorat aide les nouveaux arrivants à s'intégrer.
SOCIETE	移民融入	le jumelage	n.m.	pairing / twinning	结对帮扶	魁北克融入项目形式	Un jumelage linguistique est proposé aux nouveaux arrivants.
SOCIETE	家庭关系	le foyer / le ménage	n.m.	household	家庭/住户	统计与经济语境	Le revenu médian des ménages a augmenté.
ENVIRO	日常环保	réutilisable / jetable	adj.	reusable / disposable	可重复使用的/一次性的	对立词组	Apportez un sac réutilisable au magasin.
ENVIRO	日常环保	biodégradable / compostable	adj.	biodegradable / compostable	可降解的/可堆肥的	产品标签用词	Les contenants compostables vont au bac brun.
ENVIRO	日常环保	la consigne	n.f.	deposit-return	饮料瓶押金回收	魁北克特有制度	La consigne sur les bouteilles a été élargie.
ENVIRO	日常环保	la thermopompe	n.f.	heat pump	热泵	魁北克取暖转型热点，加拿大法语用词	La thermopompe remplace le chauffage au mazout.
ENVIRO	气候影响	la carboneutralité	n.f.	carbon neutrality	碳中和	政策目标	Le Canada vise la carboneutralité d'ici 2050.
ENVIRO	气候影响	l'inondation	n.f.	flooding	洪水	加拿大气候灾害	Les inondations printanières sont de plus en plus fréquentes.
ENVIRO	气候影响	la sécheresse	n.f.	drought	干旱	西部省份问题	La sécheresse a réduit les récoltes.
ENVIRO	气候影响	le pergélisol	n.m.	permafrost	永久冻土	加拿大北部特有议题	La fonte du pergélisol endommage les routes.
ENVIRO	气候影响	l'adaptation / l'atténuation	n.f.	adaptation / mitigation	适应/减缓	气候政策两条路径，区分是考点	L'adaptation prépare aux impacts, l'atténuation réduit les émissions.
ENVIRO	自然资源	la déforestation	n.f.	deforestation	森林砍伐	全球议题	La déforestation menace la biodiversité.
ENVIRO	自然资源	l'hydroélectricité	n.f.	hydroelectricity	水力发电	魁北克能源支柱	Le Québec exporte son hydroélectricité.
ENVIRO	社区行动	la surconsommation	n.f.	overconsumption	过度消费	社会批判	La surconsommation est au cœur du problème.
NUMERIQUE	设备故障	planter / figer	v.	to crash / to freeze	崩溃/死机	加拿大法语用 figer，法国说 planter	Mon ordinateur fige sans arrêt.
NUMERIQUE	设备故障	la compatibilité	n.f.	compatibility	兼容性	软硬件问题	Le fichier pose un problème de compatibilité.
NUMERIQUE	设备故障	le chargeur	n.m.	charger	充电器	日常物品	Peux-tu me prêter ton chargeur ?
NUMERIQUE	设备故障	la réinitialisation	n.f.	factory reset	恢复出厂设置	排障最后手段	Une réinitialisation effacera toutes vos données.
NUMERIQUE	网络账户	se désabonner	v.	to unsubscribe	取消订阅	邮件与服务	Je me suis désabonné de leur infolettre.
NUMERIQUE	网络账户	l'infolettre	n.f.	newsletter	电子简讯	魁北克用词，避免英语 newsletter	Abonnez-vous à notre infolettre.
NUMERIQUE	数据隐私	le consentement	n.m.	consent	同意授权	隐私法核心	Le consentement doit être explicite.
NUMERIQUE	数据隐私	le chiffrement	n.m.	encryption	加密	安全技术，法语用 chiffrement	Les messages sont protégés par chiffrement.
NUMERIQUE	数据隐私	la surveillance	n.f.	surveillance	监控	社会议题	La surveillance au travail soulève des questions.
NUMERIQUE	数据隐私	l'algorithme	n.m.	algorithm	算法	AI 议题基础词	L'algorithme détermine ce que vous voyez.
NUMERIQUE	媒体信息	le titre / la manchette	n.m./n.f.	headline	标题	媒体素养，manchette 是头条	La manchette était trompeuse.
NUMERIQUE	媒体信息	l'influenceur	n.m.	influencer	网红	现代媒体生态	Les marques collaborent avec des influenceurs.
NUMERIQUE	AI与就业	la requalification	n.f.	reskilling	技能再培训	政策应对	La requalification des travailleurs devient urgente.
NUMERIQUE	AI与就业	la productivité	n.f.	productivity	生产率	经济议题	La technologie a augmenté la productivité.
NUMERIQUE	AI与就业	le sans-papier（无纸化）	adj.	paperless	无纸化的	常说 sans papier / numérique	Le bureau est passé au sans-papier l'an dernier.
NUMERIQUE	AI与就业	la cyberdépendance	n.f.	internet addiction	网络成瘾	健康与教育议题	La cyberdépendance chez les jeunes inquiète.
QUOTIDIEN	购物	le chariot / le panier	n.m.	cart / basket	购物车/购物篮	超市场景	Prenez un chariot à l'entrée.
QUOTIDIEN	购物	l'emballage	n.m.	packaging	包装	环保议题	L'emballage excessif est un problème.
QUOTIDIEN	天气	les précipitations	n.f.pl.	precipitation	降水	气象术语，永远复数	Des précipitations abondantes sont attendues.
QUOTIDIEN	休闲	le passe-temps	n.m.	hobby	爱好	EO1 必问	Mon passe-temps préféré, c'est la lecture.
QUOTIDIEN	休闲	la motoneige	n.f.	snowmobile	雪地摩托	加拿大冬季运动，特色词	La motoneige est très populaire au Québec.
QUOTIDIEN	休闲	le festival	n.m.	festival	节庆活动	魁北克文化生活核心	Le festival d'été attire des milliers de visiteurs.
QUOTIDIEN	休闲	l'abonnement / s'abonner	n.m./v.	membership / to subscribe	会员/订阅	服务场景	L'abonnement annuel coûte 300 dollars.
